Date,Product_ID,Category,Price,Quantity,Customer_ID,Sales
2021-01-01,P1,Clothing,81.16,8,4367f938-a4c2-44ab-8101-b305965a1731,649.28
2021-01-02,P2,Clothing,190.64,3,06a00491-1a55-4a23-8f3b-4cd4d3762873,571.92
2021-01-03,P3,Clothing,149.08,8,2ce63436-c5cb-4423-b43e-c0f9171592b9,1192.64
2021-01-04,P4,Clothing,123.75,5,23326b6c-efcc-43a4-ac1c-ef44611fc4e8,618.75
2021-01-05,P5,Home,39.64,1,e1aa51a7-1b54-4dca-9af2-6be4f3932fd9,39.64
2021-01-06,P6,Home,39.64,7,9d9e39fa-f690-4934-9e3c-f16a98c8a9e7,277.48
2021-01-07,P7,Home,21.04,5,6dc0eb79-aa97-4ebf-9269-df29c7e5810f,105.19999999999999
2021-01-08,P8,Home,174.57,6,2207b299-2e45-48b6-8dd9-26d9d6671cdc,1047.42
2021-01-09,P9,Clothing,124.21,6,4944984e-dd1f-4dcc-b6ee-a86e4413996e,745.26
2021-01-10,P10,Electronics,144.53,8,69708d27-3eb2-429c-a9e8-d69ab36c360f,1156.24
2021-01-11,P11,Home,13.91,9,6b84eaff-9ae7-4c4c-a597-4d6e16b7d1cf,125.19
2021-01-12,P12,Clothing,194.28,2,b1aa5044-b1d8-4603-95f2-14e418ea1ee2,388.56
2021-01-13,P13,Electronics,168.16,9,61b15e83-a540-4d30-b2c0-e6f5a6ae55b3,1513.44
2021-01-14,P14,Books,50.34,9,ceda89fd-7aa5-40d1-86b9-de40b1c00370,453.06000000000006
2021-01-15,P15,Clothing,44.55,7,055767a5-7ea3-4cb3-b52d-a942ec8f4dc8,311.84999999999997
2021-01-16,P16,Home,44.85,1,35cb8c86-1643-4aa4-94fa-2307f4830ffd,44.85
2021-01-17,P17,Books,67.81,7,b493c0d7-ec19-4416-ab13-7a849a61b770,474.67
2021-01-18,P18,Clothing,109.7,5,360f67a9-3562-4516-8209-1ba4f451c744,548.5
2021-01-19,P19,Home,92.07,6,1fb165ff-bd8b-4df0-b468-eca6caca3880,552.42
2021-01-20,P20,Clothing,65.33,7,c7da50e8-92ac-48e9-90a2-f49edcfb3359,457.31
2021-01-21,P21,Electronics,126.25,5,dab25c68-1d9f-4f03-ad00-cdb51451ec98,631.25
2021-01-22,P22,Home,36.5,7,3ec5b48b-e268-492e-a03a-8fd8cbb2c106,255.5
2021-01-23,P23,Books,65.51,9,26d1a85c-ef38-41f4-bae6-fd58dda4936b,589.59
2021-01-24,P24,Clothing,79.61,3,9c340974-0231-41e9-937a-3f2d2f1d14d7,238.82999999999998
2021-01-25,P25,Books,96.65,8,7ccbd81a-9aba-4848-8e12-0083e7f5426b,773.2
2021-01-26,P26,Electronics,159.18,2,2bc42006-8870-4374-aaf5-73a5220240a8,318.36
2021-01-27,P27,Electronics,47.94,7,6bccea28-69e8-4095-af9d-2d79262616e4,335.58
2021-01-28,P28,Electronics,107.7,2,9320ef24-0e8c-4c59-80e4-2f4b470546e4,215.4
2021-01-29,P29,Home,122.56,4,13f863b0-366e-481f-acee-1b49511f79f0,490.24
2021-01-30,P30,Home,18.83,7,db408e5c-2d8e-4316-8f11-8fe4a5a79147,131.81
2021-01-31,P31,Home,125.43,3,ebfe5508-8fb0-446e-a3f6-8ceb41a0a4a5,376.29
2021-02-01,P32,Books,42.4,2,fdad2a17-c2e2-46ef-a0ca-c4c765bec348,84.8
2021-02-02,P33,Clothing,22.36,7,bf504ddb-b6b5-4190-8999-43a48ff8f85b,156.51999999999998
2021-02-03,P34,Electronics,190.29,1,efaa0fb8-d985-453a-a2fd-35d20f113b86,190.29
2021-02-04,P35,Clothing,193.47,8,1f6904be-ddb9-47a7-982e-e8fd00432478,1547.76
2021-02-05,P36,Electronics,163.6,3,d067e80c-ada7-4a29-8147-e5441a18ca02,490.79999999999995
2021-02-06,P37,Clothing,67.88,2,74184a85-2688-4bd7-84ff-df12dbae75ab,135.76
2021-02-07,P38,Books,28.56,3,ff88d60c-ef1f-40a7-bf78-3d3408848a13,85.67999999999999
2021-02-08,P39,Books,140.0,5,b0cb7d8f-afb6-4342-b9fa-7c2bddb14b3f,700.0
2021-02-09,P40,Electronics,93.63,8,5b4e33a8-25cb-422e-b04b-68f4d6bdddbc,749.04
2021-02-10,P41,Clothing,33.19,7,fe8ea4e9-7459-40ef-b9df-d1f301aab6e3,232.32999999999998
2021-02-11,P42,Books,104.08,7,0bbd5513-dc3e-4704-9ef7-3a448215cc0f,728.56
2021-02-12,P43,Clothing,16.53,7,122dab4e-63df-4ac7-83b9-7697af50c678,115.71000000000001
2021-02-13,P44,Books,182.77,8,a0b394cf-bc8b-40cc-9105-db8b5959f8ac,1462.16
2021-02-14,P45,Books,59.17,1,72d67e9e-9bbb-479f-9d38-43743d12d728,59.17
2021-02-15,P46,Clothing,135.88,4,fa3bbcf9-a7e3-4d2b-8680-df2cdf39a617,543.52
2021-02-16,P47,Clothing,69.23,6,c26c5560-34da-43ad-9867-829615c770f0,415.38
2021-02-17,P48,Electronics,108.81,9,e8245262-3a4a-4d06-803e-239fdf80bb36,979.29
2021-02-18,P49,Books,113.87,2,84cfbe4d-e8b0-4d7d-8f2d-95f7d0ed9d15,227.74
2021-02-19,P50,Clothing,45.12,1,16617ece-67f6-4006-a97b-32d4d9923e50,45.12
2021-02-20,P51,Home,194.22,2,0879d0a4-4c81-4800-b66e-46ebf8cac276,388.44
2021-02-21,P52,Books,157.28,7,4b128a3c-b8c8-451f-b234-9126e1bb602e,1100.96
2021-02-22,P53,Books,188.5,3,2b532fd5-f6ac-4e15-b0c3-af88d764ffc1,565.5
2021-02-23,P54,Clothing,180.02,2,5591c92c-7b7f-48ce-b32e-03d822dfeb63,360.04
2021-02-24,P55,Home,123.6,7,0d6d86e6-3f60-4043-9b41-97a4fb4f9df5,865.1999999999999
2021-02-25,P56,Books,185.16,2,00fece20-3fd3-4dc2-a6ad-5892d66a4a64,370.32
2021-02-26,P57,Books,26.81,3,a3701c6d-56a7-41be-8357-f6faa4b03764,80.42999999999999
2021-02-27,P58,Home,47.24,7,4281c7f2-b942-42bd-8aa5-6296d839fdb3,330.68
2021-02-28,P59,Home,18.59,4,ec91dd5e-434c-4bfd-b291-a8b8c21e9bd2,74.36
2021-03-01,P60,Books,71.81,1,ac852aba-cd04-4d46-9244-66d68a6ba85e,71.81
2021-03-02,P61,Home,83.85,5,bddd2b6f-2077-4a92-820a-63a4b2047134,419.25
2021-03-03,P62,Electronics,61.56,9,21888018-6b7e-4fa7-83c4-362baa7c55f3,554.04
2021-03-04,P63,Home,167.46,8,3adadd25-3507-4c8f-a28a-fe2334e42f6c,1339.68
2021-03-05,P64,Clothing,77.78,9,daa2dea1-feb2-4c60-898a-d62005a474cb,700.02
2021-03-06,P65,Clothing,63.38,9,d69b2856-0392-47c1-8ead-d37a9e3a448f,570.4200000000001
2021-03-07,P66,Electronics,113.11,7,f7e1c523-335c-4866-bd06-57be3682609e,791.77
2021-03-08,P67,Home,36.78,4,2d1ada9e-760d-4942-b803-e404253ff931,147.12
2021-03-09,P68,Home,162.42,5,30ff2498-8d65-4e43-9cae-b12e0aa740c0,812.0999999999999
2021-03-10,P69,Electronics,24.16,1,0471613a-e61e-4c47-8735-1a4356dd1798,24.16
2021-03-11,P70,Electronics,197.51,1,cbfab9af-be4b-4f31-9700-8f9e999dee2e,197.51
2021-03-12,P71,Clothing,156.73,3,ca5e131a-6a50-4057-b35c-b9ea9c9c9ab7,470.18999999999994
2021-03-13,P72,Books,47.76,8,0e5161b6-22fb-4ba3-a17f-e6f2c0dd9054,382.08
2021-03-14,P73,Books,11.05,2,4a601f3a-5ecc-46ce-8655-4ca222c25fd9,22.1
2021-03-15,P74,Home,164.94,4,223a9579-c767-4bb7-a0c2-2112890f77da,659.76
2021-03-16,P75,Clothing,144.3,2,03ffdace-8699-495c-b74f-0e31784ae723,288.6
2021-03-17,P76,Books,148.51,5,3aeccee5-af12-4e61-b71a-c66d13073a44,742.55
2021-03-18,P77,Home,156.54,9,57442ba5-22f0-4f3d-aadd-a451387d8988,1408.86
2021-03-19,P78,Electronics,24.07,1,73197678-772a-4621-b824-c36488145ec6,24.07
2021-03-20,P79,Books,78.11,5,e27af50d-4fcb-42ab-aeaf-8962c9c3c9d0,390.55
2021-03-21,P80,Books,32.02,9,5a840eb3-d852-4257-8912-a1f5da1e6a8d,288.18
2021-03-22,P81,Electronics,173.99,1,e4b58ddc-efc8-475f-b693-28b322162fc5,173.99
2021-03-23,P82,Clothing,128.43,9,6e186fac-8c6e-4c89-9782-ba8bba229758,1155.8700000000001
2021-03-24,P83,Clothing,72.87,8,4ce3b447-495c-460e-8a4f-fe5a710c7fb4,582.96
2021-03-25,P84,Clothing,22.08,4,1ba0b24f-107a-4a89-bbd9-552f95b8bc41,88.32
2021-03-26,P85,Books,69.09,5,d4de51a0-cac0-4bcc-9f69-4bcc35c74f74,345.45000000000005
2021-03-27,P86,Clothing,71.78,5,863354d4-8a9e-4c54-b030-a63b69114b5b,358.9
2021-03-28,P87,Clothing,148.63,6,de93a23e-ac17-4b9d-812c-53fe0ee8fb8e,891.78
2021-03-29,P88,Books,131.14,7,3049641c-4fed-44df-9b2a-366b56a0c590,917.9799999999999
2021-03-30,P89,Electronics,178.57,8,118b3f7c-d237-45d5-bc7d-b137e7f20897,1428.56
2021-03-31,P90,Clothing,99.72,8,a3226987-f8e1-4165-b0e5-21adfa2bad60,797.76
2021-04-01,P91,Books,32.72,2,3b86d1d5-badd-470f-97bb-5747c90e1de5,65.44
2021-04-02,P92,Clothing,145.52,9,248b5075-126d-4e43-867f-f2c789bc30dd,1309.68
2021-04-03,P93,Home,154.55,7,a42c7a24-037a-4a78-91b6-2e567f144e6f,1081.8500000000001
2021-04-04,P94,Home,116.64,4,9a569404-246a-43c2-a1be-e0fe14d2e7c5,466.56
2021-04-05,P95,Clothing,156.48,4,90930316-d3fc-4b18-8eed-a9d88a5bf6b6,625.92
2021-04-06,P96,Books,103.82,8,00ee17e7-1b22-46cb-a198-642d8392e91f,830.56
2021-04-07,P97,Books,109.32,4,28ea7d94-d7ce-442a-8e4d-65262e510b4e,437.28
2021-04-08,P98,Books,91.23,6,3ebbede8-feb9-4bb1-88a6-6a58f2331722,547.38
2021-04-09,P99,Home,14.83,5,d957f7f5-5019-4e9d-b394-9c7e0d8d3611,74.15
2021-04-10,P100,Clothing,30.5,3,f7ec24ae-a3be-441f-961f-f8dedda3a8df,91.5
2021-04-11,P101,Electronics,15.97,2,79763277-4042-410b-b3f9-7793adbe0eca,31.94
2021-04-12,P102,Clothing,130.92,9,5a7cc322-fac5-4bf2-81cf-3f9b50694c8b,1178.28
2021-04-13,P103,Clothing,69.73,9,c5e42248-3313-46f0-b3a0-630ce34ee82b,627.57
2021-04-14,P104,Electronics,106.63,1,dd57dc8c-b56d-4e3f-83b5-b97a95559c05,106.63
2021-04-15,P105,Home,182.44,3,f52b4400-32d4-4ef8-964d-0b5cc6307c12,547.3199999999999
2021-04-16,P106,Books,57.37,8,5f4001f4-0b82-4c95-ba60-dca06b7bf323,458.96
2021-04-17,P107,Books,87.97,6,e7b02b7c-d53c-4116-8a8a-e196131805bb,527.8199999999999
2021-04-18,P108,Clothing,153.55,5,810d0b68-3a6c-432e-b457-55980413cc62,767.75
2021-04-19,P109,Electronics,53.47,5,f04773ae-094b-46ba-becf-34aea1f49cb4,267.35
2021-04-20,P110,Home,24.63,6,eeecf0fd-5d39-4faf-b23a-45317e82f00d,147.78
2021-04-21,P111,Clothing,65.05,7,388d8ce9-025d-4a3b-abbd-d94919167f9f,455.34999999999997
2021-04-22,P112,Books,40.63,1,a351c1d6-cd26-4235-9363-6cd4df41d30f,40.63
2021-04-23,P113,Electronics,186.64,9,2d2ba37b-5798-4f30-b179-4380a3900f36,1679.7599999999998
2021-04-24,P114,Clothing,163.54,3,3be78447-0179-4f79-b746-ae261852b47c,490.62
2021-04-25,P115,Electronics,130.35,4,9bdfe5bb-9d4f-47a7-96c8-22ee0f4b3b59,521.4
2021-04-26,P116,Electronics,175.58,1,218f10f6-b1c1-4340-9f4b-8ffbbc5da975,175.58
2021-04-27,P117,Clothing,162.7,3,f81c9d52-8e2a-40ad-b39d-ffcf02f5490a,488.09999999999997
2021-04-28,P118,Clothing,45.45,2,31eef62a-005c-4b58-93bf-573b1775e23e,90.9
2021-04-29,P119,Books,179.59,2,a7ed0fcd-f7de-491d-ab16-29468f9e396d,359.18
2021-04-30,P120,Books,112.48,1,0b96ff9e-dcf3-48cc-9b3b-5dc4adfc30e8,112.48
2021-05-01,P121,Electronics,163.41,8,e51defed-dea7-46d9-bb91-ea6637c759bb,1307.28
2021-05-02,P122,Books,180.26,3,f4847151-5460-451f-b6d5-3a6801f00cb5,540.78
2021-05-03,P123,Electronics,70.42,3,e52a30b0-4e87-4fa6-bc18-cc9dbc451bb2,211.26
2021-05-04,P124,Electronics,30.91,6,b3589078-ee96-4f6f-971e-31d735e55003,185.46
2021-05-05,P125,Home,53.31,8,0efc0ab2-9711-4b37-89c0-31a5be2d0684,426.48
2021-05-06,P126,Home,91.15,9,2306813b-dbce-45fb-a425-f81c38e66539,820.35
2021-05-07,P127,Books,165.42,9,ddb2c15f-f4f6-44f8-83f5-2589687f2622,1488.78
2021-05-08,P128,Clothing,173.54,4,fe115ef2-fae3-4085-9cff-2acd42036986,694.16
2021-05-09,P129,Home,11.32,5,7c800576-a2c8-46c4-8fc2-53b97bf749e6,56.6
2021-05-10,P130,Books,107.04,2,7e83d7dd-bcb1-4d70-bd01-df0ff091c697,214.08
2021-05-11,P131,Home,89.31,9,59c9d84e-9fa9-40e0-b7ed-f2b18aed4ce8,803.79
2021-05-12,P132,Electronics,52.2,8,896677c0-7b3e-4aea-9d2c-6ba51337b15c,417.6
2021-05-13,P133,Clothing,32.77,3,407625d0-d334-45bf-b349-11164f642ba8,98.31
2021-05-14,P134,Electronics,74.15,9,a4c8ea2d-6404-4ad7-90c7-7de7e39c3159,667.35
2021-05-15,P135,Electronics,189.15,3,52e89863-598b-4139-84a3-e9a996533c75,567.45
2021-05-16,P136,Home,71.41,9,bf6ff930-c57f-4cb3-98e9-64ea8a270622,642.6899999999999
2021-05-17,P137,Electronics,108.57,2,b0a69396-73f2-4f9a-846c-5f8cfd4b0043,217.14
2021-05-18,P138,Home,143.57,9,faee23ed-c8c0-4358-9f36-a9003ff5363b,1292.1299999999999
2021-05-19,P139,Books,79.09,8,f34b707b-9f39-4df7-bc07-759f7d690ef7,632.72
2021-05-20,P140,Electronics,194.64,9,52d23eec-dbe6-46af-8661-4aa021cabce5,1751.7599999999998
2021-05-21,P141,Home,192.86,5,83c7908b-6b68-48fe-8b22-afc1faeee320,964.3000000000001
2021-05-22,P142,Clothing,57.84,2,8c1fb33f-5032-490e-88e9-de6a6208afa9,115.68
2021-05-23,P143,Books,104.48,8,d86ce1ab-b5c2-4c71-9381-c9f21bed58f5,835.84
2021-05-24,P144,Home,67.17,6,f3140f4b-ad5d-48d7-8568-de1c645f8057,403.02
2021-05-25,P145,Books,64.12,8,0b21cddb-0dd9-4885-9733-b1131ecc361d,512.96
2021-05-26,P146,Books,17.01,5,ab0385cc-12e4-450d-84bb-48756403cf5b,85.05000000000001
2021-05-27,P147,Books,125.82,2,75c5f988-0b5f-48f2-8e36-53f0cf7a67d2,251.64
2021-05-28,P148,Books,105.51,6,1cb9bcac-150d-43e6-94bf-79b32479dfd6,633.0600000000001
2021-05-29,P149,Books,19.78,5,c962e4c0-6750-48fd-b3e2-1d784c7d3003,98.9
2021-05-30,P150,Clothing,62.94,5,d248e326-f166-46dd-b0ba-a2135477368a,314.7
2021-05-31,P151,Clothing,182.57,1,d7de2e39-9577-4029-b8a0-f4fac3308e4a,182.57
2021-06-01,P152,Home,55.52,2,6a5aa0d7-e8ef-4488-80b9-2ec48c7ebd1b,111.04
2021-06-02,P153,Electronics,37.53,8,6e1231de-5f96-4f93-a105-2619a8d11168,300.24
2021-06-03,P154,Books,103.0,3,8bd74e31-bb72-429e-8a6d-3b740c8eb6a8,309.0
2021-06-04,P155,Books,197.27,3,147c2c4e-0314-4b30-961b-6897fbf34dd8,591.8100000000001
2021-06-05,P156,Books,55.99,8,a6f073d1-e3da-47b5-af11-25337593a409,447.92
2021-06-06,P157,Books,137.71,8,3b69d9e1-a4cd-4cd6-9d19-f1bbc631917e,1101.68
2021-06-07,P158,Clothing,154.71,2,b5c6e35e-a1a5-4fd6-b180-ebe9362550a0,309.42
2021-06-08,P159,Books,55.15,8,ae8dc985-0d4b-4de1-baac-e50097170956,441.2
2021-06-09,P160,Home,148.36,1,f196b4a2-4442-4eb8-bc05-79970851ea58,148.36
2021-06-10,P161,Books,79.88,6,e75b66e2-75a6-465f-a537-af2fa85af12d,479.28
2021-06-11,P162,Books,130.14,8,4bdc1ef1-d6d4-43b8-ab1f-338bb8425aed,1041.12
2021-06-12,P163,Electronics,130.37,3,722f2d5d-2288-46c2-8835-8af564024221,391.11
2021-06-13,P164,Electronics,111.8,8,5267d003-018a-4eb7-bf47-2bdb9b90cb8e,894.4
2021-06-14,P165,Books,27.16,1,08ea5bd0-884f-4cbe-bb96-9b9c5e3aa5e0,27.16
2021-06-15,P166,Electronics,168.71,9,a8293716-3f83-4722-9133-5f75a1a6b84d,1518.39
2021-06-16,P167,Books,70.95,9,654a8dad-875b-471f-8cfd-33e48aae3c98,638.5500000000001
2021-06-17,P168,Electronics,45.44,5,a91f21dd-4014-4011-b319-cb59e6f88ed4,227.2
2021-06-18,P169,Electronics,17.75,4,067271ce-dcf8-448b-a301-b6c539bfd748,71.0
2021-06-19,P170,Books,122.27,6,2ce51ae4-e023-4895-9f53-8b77fe66fe30,733.62
2021-06-20,P171,Electronics,138.74,7,60afac8e-28e8-4ffc-bf7b-00fd997f82a5,971.1800000000001
2021-06-21,P172,Home,13.15,5,5c7d2189-efaf-455d-abe1-009625210948,65.75
2021-06-22,P173,Clothing,107.3,9,39e3aee7-e08f-4fc6-965c-94669052241d,965.6999999999999
2021-06-23,P174,Electronics,53.03,3,65d6f70f-0056-4b9c-8e78-1d1e094dd821,159.09
2021-06-24,P175,Books,132.58,7,393aaf37-5aed-4c6a-aeea-18751886602b,928.0600000000001
2021-06-25,P176,Electronics,43.13,5,a148734a-9742-43a0-8a7d-659d3d1d8456,215.65
2021-06-26,P177,Home,141.28,7,c941b226-a764-40c0-aa20-150309a63759,988.96
2021-06-27,P178,Clothing,83.48,2,a64a77da-0511-46f3-9996-9acf25c60ed1,166.96
2021-06-28,P179,Clothing,187.98,4,775a37b4-40f4-44b9-9305-5812cea9e88e,751.92
2021-06-29,P180,Clothing,36.13,2,84ef7143-6e2e-490d-8901-3afc104b96b0,72.26
2021-06-30,P181,Clothing,74.8,7,0729d198-1212-46f7-bc18-cd3fa051910e,523.6
2021-07-01,P182,Clothing,31.56,2,46660c6f-5f71-466a-90be-df21d7a4e6b0,63.12
2021-07-02,P183,Clothing,185.69,1,04632abe-3a2b-4e94-b961-39e77f099551,185.69
2021-07-03,P184,Electronics,176.69,9,7ae449ed-be29-454f-98de-348fbfc151bd,1590.21
2021-07-04,P185,Books,59.01,1,9a587153-ae2b-4d92-9a7d-eb6021d3e476,59.01
2021-07-05,P186,Clothing,135.4,8,87409045-e5ac-4b32-b090-f328dbf765ed,1083.2
2021-07-06,P187,Home,165.27,2,ead91036-3d83-4d26-a99e-4e33098060ed,330.54
2021-07-07,P188,Electronics,115.49,8,23d899f5-0b1a-4b44-ae05-e260da1faaf7,923.92
2021-07-08,P189,Home,110.63,3,75317cd5-db8f-43bd-bf6b-d8a181175983,331.89
2021-07-09,P190,Electronics,55.95,6,0eaa5569-f167-473d-b725-2c9fc5bb3615,335.70000000000005
2021-07-10,P191,Electronics,27.69,3,1c5459b6-6de2-459c-95d0-b68670170728,83.07000000000001
2021-07-11,P192,Clothing,180.47,7,9c607213-44eb-43e0-bac8-e949a7a546a2,1263.29
2021-07-12,P193,Books,181.08,9,47f0b33d-211b-45ac-b4a9-91f523a27927,1629.72
2021-07-13,P194,Books,130.29,2,80639337-eb29-4802-9260-6f075ca85848,260.58
2021-07-14,P195,Books,74.42,5,8e59e2f2-69a9-47eb-aa5f-23212b4ea074,372.1
2021-07-15,P196,Books,76.35,6,3c9fe0b4-2c38-49da-b55b-67c196c3ccdd,458.09999999999997
2021-07-16,P197,Home,147.93,4,f6a636f7-fae0-4c8c-87e4-2b13149a0595,591.72
2021-07-17,P198,Clothing,180.45,4,313471f9-94ab-46e7-b318-d36e01f757c8,721.8
2021-07-18,P199,Electronics,178.55,4,5f98575c-8d9d-40b4-96de-e8e400aeb64e,714.2
2021-07-19,P200,Electronics,158.18,2,d8f20f03-2368-4c92-834c-afa53c416d67,316.36
2021-07-20,P201,Home,131.99,4,ce5c9e95-c4b7-4b76-a2b3-3a9d32a0d573,527.96
2021-07-21,P202,Clothing,25.99,1,abcfd361-0256-4634-a053-d8077078ce87,25.99
2021-07-22,P203,Home,40.71,6,3bed291c-46d6-45cd-884f-902abade5122,244.26
2021-07-23,P204,Clothing,180.73,1,b1646786-169d-4dab-a4ff-cfd0a30ae03e,180.73
2021-07-24,P205,Books,125.22,6,dfacc8a4-e731-4071-b7f6-41f993049e43,751.3199999999999
2021-07-25,P206,Books,11.75,1,a9a966df-a705-4772-a175-71493b3a6ec2,11.75
2021-07-26,P207,Clothing,29.28,6,d4e8e2d5-8330-42a5-869b-83fba313c741,175.68
2021-07-27,P208,Clothing,136.07,8,20f2f734-a8c9-4180-87bf-2d04aa6f1315,1088.56
2021-07-28,P209,Clothing,10.96,2,0c3bbcb8-c76b-495b-997b-59fbb544be67,21.92
2021-07-29,P210,Home,40.55,2,3257f444-607f-4928-bd9d-e859fe4c6a82,81.1
2021-07-30,P211,Books,114.26,4,5eb6f3bf-11fb-426d-9e9c-e8e86d774a41,457.04
2021-07-31,P212,Electronics,141.46,3,575666d5-2b73-440b-bea7-7d8ea9d67ef1,424.38
2021-08-01,P213,Clothing,133.87,4,f2ade18e-03fb-49c2-aff3-7e3d265be5b6,535.48
2021-08-02,P214,Home,52.61,7,b7955026-625d-4085-a8ff-c8ec769183cf,368.27
2021-08-03,P215,Electronics,145.31,1,e7263471-16f2-442e-af58-d87ecde51bfe,145.31
2021-08-04,P216,Electronics,55.08,6,49f34ce3-caab-4481-b9aa-3e1af6cff6fb,330.48
2021-08-05,P217,Clothing,71.83,3,5a7fab12-c5e3-4afa-a62f-b3ed45d12ff1,215.49
2021-08-06,P218,Home,151.83,7,75254dde-0366-4219-820a-d84160a191a7,1062.8100000000002
2021-08-07,P219,Books,133.43,2,3127d070-9af2-42fa-9801-fc2372c26efc,266.86
2021-08-08,P220,Books,171.35,2,549a7cc5-47d4-4467-9ad7-bd7a9008e65b,342.7
2021-08-09,P221,Electronics,134.95,4,c33b2cf6-8094-4647-8e7d-ead17305f4e3,539.8
2021-08-10,P222,Clothing,117.98,1,a3cc5d68-a344-4996-ac7a-1ee29c7d5690,117.98
2021-08-11,P223,Home,27.8,3,2be258f6-afbf-4f56-8d95-8187c41e4375,83.4
2021-08-12,P224,Clothing,79.87,9,d9c729cc-71de-451b-ba87-2a65d7849231,718.83
2021-08-13,P225,Books,60.39,7,6a5b17d5-9be9-41ba-a82c-e5b669f839a6,422.73
2021-08-14,P226,Clothing,56.36,7,4e3ee8ee-a0a6-4cda-a1b2-36017e711c7f,394.52
2021-08-15,P227,Books,194.87,4,a8616613-1df4-426f-9861-13245cc8844f,779.48
2021-08-16,P228,Electronics,84.69,2,99c07584-5748-4daf-9430-b4045457cc20,169.38
2021-08-17,P229,Books,179.49,4,f661d31d-e4a0-44a6-accc-007bfe1b0bfa,717.96
2021-08-18,P230,Clothing,129.92,6,62590775-ebae-4c06-9cff-fc6d31fff19f,779.52
2021-08-19,P231,Clothing,161.01,3,b131010d-de18-4ded-9d4c-0427fc27e8f8,483.03
2021-08-20,P232,Clothing,105.5,1,fef1e7ef-d6a6-4436-b5c5-e432af22c05b,105.5
2021-08-21,P233,Books,119.61,8,3141c288-5ce5-4e1b-88bd-729625df45cf,956.88
2021-08-22,P234,Home,103.58,5,063246b5-faaa-4603-9e84-76c42b1112b9,517.9
2021-08-23,P235,Home,47.1,5,8ce303d0-62a9-44eb-8158-cb0df641481e,235.5
2021-08-24,P236,Home,147.27,4,a0c8f930-24c9-4e90-b005-da64cd086a09,589.08
2021-08-25,P237,Home,63.35,6,8cdeb2c5-25b1-4f2c-93c9-41622c0a29bc,380.1
2021-08-26,P238,Clothing,14.62,3,4c57ac77-6b75-481a-9654-71e65b2bd386,43.86
2021-08-27,P239,Home,132.64,9,d7ae9a2f-d1e2-47f1-adeb-54a0800b1528,1193.7599999999998
2021-08-28,P240,Clothing,43.65,5,e0abc625-d1f2-4c49-a1e1-22ed9ebbe9bd,218.25
2021-08-29,P241,Books,188.69,3,5a89e2a6-33e9-496c-b376-efa6743db43c,566.0699999999999
2021-08-30,P242,Clothing,191.25,1,91bc0665-28dd-435e-8f3d-6b270b12a7e0,191.25
2021-08-31,P243,Electronics,183.82,6,f1ec3aea-e74a-4343-9b8c-f5bf1933bdda,1102.92
2021-09-01,P244,Books,80.33,2,d836ca08-38a6-412e-95eb-a8e776a349ec,160.66
2021-09-02,P245,Home,12.94,3,794d03a9-ff45-4394-96b5-a0832b191433,38.82
2021-09-03,P246,Books,186.38,1,59cf6f5b-23f6-4d4a-a37f-7a2673b1dd14,186.38
2021-09-04,P247,Books,91.35,9,9b22cd75-db49-47c2-a7b8-171f1d408f12,822.15
2021-09-05,P248,Clothing,193.66,8,82d8dae1-71de-4bbf-8165-9298c6c4eaa6,1549.28
2021-09-06,P249,Electronics,193.09,2,07c8c84c-c2a8-40bf-a40a-1a4233cdf2d5,386.18
2021-09-07,P250,Electronics,172.07,8,21a27053-b9c8-44f2-9f17-760a527f2d01,1376.56
2021-09-08,P251,Books,65.95,9,fcce78e0-e4e6-450f-acb4-ffd6bbf34ddb,593.5500000000001
2021-09-09,P252,Electronics,83.17,1,0a9f5f27-2093-47ae-9c77-e7140ad915e5,83.17
2021-09-10,P253,Books,171.72,5,9378d83a-d703-4804-93ec-8fcaf1d715b1,858.6
2021-09-11,P254,Clothing,70.22,8,e27da913-7f0a-443f-a86e-92a9b53917dc,561.76
2021-09-12,P255,Electronics,42.2,2,272fe8fc-ea1f-4fe3-9e56-e09cbe9ebc82,84.4
2021-09-13,P256,Clothing,115.79,4,d33f0d2a-e0ee-4422-90c4-859a407f4fa0,463.16
2021-09-14,P257,Books,187.87,7,4daa62b9-bf8b-4848-b6b5-c5a8c22c9e42,1315.0900000000001
2021-09-15,P258,Clothing,142.25,3,1d5b81b3-ade8-44af-8085-f81bff713f50,426.75
2021-09-16,P259,Home,118.31,5,805ad72b-fe29-43c0-b2ff-cf4dfca8a9cb,591.55
2021-09-17,P260,Electronics,28.46,8,667d922c-a6d8-4ffd-85ee-20f8cf4deda8,227.68
2021-09-18,P261,Home,126.85,3,50260735-85bc-43dc-9bc6-9e9b02b268e4,380.54999999999995
2021-09-19,P262,Clothing,198.11,4,a73ce174-9e92-4fb0-bd77-049a1b6dfa8a,792.44
2021-09-20,P263,Clothing,36.62,9,e07ebde0-f0da-4882-a728-845cde85622f,329.58
2021-09-21,P264,Clothing,108.48,7,c60a9761-fd3c-45f5-ae19-3a7543033f9b,759.36
2021-09-22,P265,Home,176.7,1,1a097e6b-ad26-4e5e-a9f4-abbbf3d01598,176.7
2021-09-23,P266,Electronics,150.75,4,172118b4-1536-4ed8-806a-49e25c0ee4f0,603.0
2021-09-24,P267,Books,142.43,4,6f1d783d-cede-4fca-86e5-799171959e41,569.72
2021-09-25,P268,Clothing,143.47,9,34f5eb99-a26c-4888-85fd-42d271b67e24,1291.23
2021-09-26,P269,Electronics,78.3,6,0545790c-ce7d-48c7-85f8-ff4286e34cb9,469.79999999999995
2021-09-27,P270,Clothing,65.78,9,79de1c99-d016-44b6-8483-8306630aa471,592.02
2021-09-28,P271,Books,163.78,6,f4341b72-ea54-42b9-bf7f-aab74a095bb6,982.6800000000001
2021-09-29,P272,Electronics,163.92,6,83c202a3-5bd1-470f-b13c-8e4524d8cb83,983.52
2021-09-30,P273,Home,174.74,5,87a46114-2e5f-44ab-8de0-8049f454a4f1,873.7
2021-10-01,P274,Electronics,183.52,5,3294a8ef-3ab9-4f02-9219-762ad4c2bef5,917.6
2021-10-02,P275,Home,107.16,2,82531ad3-0709-4a87-aa49-baa7046190da,214.32
2021-10-03,P276,Books,105.29,8,bba4835c-8302-4e84-b5ba-ff99dbd9e499,842.32
2021-10-04,P277,Home,161.68,8,ffd7c1f3-1acb-49cd-8923-eb6297c881b5,1293.44
2021-10-05,P278,Clothing,133.49,1,f5a80b3d-dbf8-45b7-aac5-6d10cbade042,133.49
2021-10-06,P279,Electronics,143.37,8,75b29d23-6faf-460d-86d4-3f31752a35bb,1146.96
2021-10-07,P280,Clothing,161.2,5,e3c96a65-468a-4132-babb-5dbb8196ac8f,806.0
2021-10-08,P281,Electronics,179.1,2,9919701e-1735-4aff-8fbf-4c7302ddb590,358.2
2021-10-09,P282,Books,74.22,2,6d4e7ea7-460e-44bd-a809-c18f7d84a85f,148.44
2021-10-10,P283,Clothing,81.36,6,7c8da414-c494-48d4-a06e-d14a6bd23e6a,488.15999999999997
2021-10-11,P284,Electronics,27.86,9,cd602520-a334-49fd-8ead-89aea87f1813,250.74
2021-10-12,P285,Clothing,119.87,1,73920c48-9458-4b00-855b-83909851af78,119.87
2021-10-13,P286,Electronics,16.83,6,ca5099d4-118f-4398-a3cd-7953f9ba0188,100.97999999999999
2021-10-14,P287,Home,98.46,9,08384b77-088a-47df-9b0a-e32a04735d6b,886.14
2021-10-15,P288,Books,113.1,8,a01936a4-3ba1-486c-8691-3dd492b9182d,904.8
2021-10-16,P289,Home,64.44,6,276e2c3c-82f4-4601-9870-53ba55c5ce99,386.64
2021-10-17,P290,Books,122.26,3,0d9acfab-8648-4b05-b31d-c4c7e0a64cb2,366.78000000000003
2021-10-18,P291,Clothing,15.8,8,29b2e577-2740-4cc5-8b24-30446fd04bd8,126.4
2021-10-19,P292,Books,17.1,9,36a47a63-f313-4ad0-852a-6fb419084871,153.9
2021-10-20,P293,Electronics,166.29,1,ab143051-f9c3-4824-8b7e-50074a4cf67d,166.29
2021-10-21,P294,Books,78.44,9,3c29de99-cb6e-4802-8e66-70245546fbae,705.96
2021-10-22,P295,Electronics,34.14,6,e0bc87c7-a140-4926-a0df-2bace7b0ed50,204.84
2021-10-23,P296,Electronics,109.23,6,101ae018-ec49-45fa-837b-2bb56cc59577,655.38
2021-10-24,P297,Electronics,156.3,4,90de6b18-0d3b-4cb5-94c8-885c62ca2ce3,625.2
2021-10-25,P298,Books,51.01,1,83bf2b4c-d822-4610-8885-44ff523425de,51.01
2021-10-26,P299,Home,128.35,8,d3be13d9-4c86-46f3-8aa4-fb00471c2e6f,1026.8
2021-10-27,P300,Books,26.22,2,53b431fe-0c88-48bd-88cc-3162da43d3ef,52.44
2021-10-28,P301,Clothing,19.82,1,fe6b2bcb-eec0-44fc-910c-027d47b773df,19.82
2021-10-29,P302,Books,110.96,2,ab0a1575-bef8-418b-8132-b9d3c6264cca,221.92
2021-10-30,P303,Electronics,112.72,1,d67c66b9-0dae-4136-9665-f1350876b0d3,112.72
2021-10-31,P304,Books,131.11,1,e268e24a-ec24-4df5-8ace-41b12240bd2f,131.11
2021-11-01,P305,Books,147.96,9,8c8cdc47-f3e5-49e2-a17e-f7433e2ce58a,1331.64
2021-11-02,P306,Electronics,195.41,1,acb46c70-dae9-49de-9207-5d9f98e05726,195.41
2021-11-03,P307,Clothing,108.1,4,6967377c-1d29-465f-a859-6a6564013926,432.4
2021-11-04,P308,Home,71.36,6,eebee452-26ce-4649-9c5f-98b8b892652a,428.15999999999997
2021-11-05,P309,Books,161.09,7,cb500115-85c7-4815-b500-6e38d764bbb5,1127.63
2021-11-06,P310,Electronics,61.46,2,dec628f8-78af-40e4-8940-d1359bb950e8,122.92
2021-11-07,P311,Books,93.4,6,e0ec0ee8-62c2-4c9d-b438-4b0056ed6fc1,560.4000000000001
2021-11-08,P312,Electronics,24.91,7,0da46566-c2cb-40ba-84af-4e674026b0f2,174.37
2021-11-09,P313,Home,14.82,2,ec3c5312-ebef-4443-ab16-b027355562c0,29.64
2021-11-10,P314,Books,192.9,2,948b626e-6e3d-41c2-9d14-96f04365cb58,385.8
2021-11-11,P315,Electronics,168.84,7,38bb7de9-5764-4baf-b6b3-d1e0c61611e3,1181.88
2021-11-12,P316,Electronics,142.24,1,85192b29-5ec5-4066-860d-6f54f10fbc33,142.24
2021-11-13,P317,Clothing,87.7,8,73b186d3-3047-4538-944b-260b1495ef17,701.6
2021-11-14,P318,Clothing,42.93,3,9cee9eba-a383-4c5f-b6ef-1d4e3b5d8652,128.79
2021-11-15,P319,Home,39.72,6,5fa8b918-d341-4449-a85b-d87b8e73f827,238.32
2021-11-16,P320,Home,57.55,9,efff5413-1b89-45d0-952f-5e9cb4dcdf6d,517.9499999999999
2021-11-17,P321,Clothing,114.35,6,a2aa40d4-c20a-475d-ba90-e20805f9db38,686.0999999999999
2021-11-18,P322,Electronics,145.77,9,9d8ff749-d28d-428d-b505-a4b775eb5560,1311.93
2021-11-19,P323,Electronics,135.44,7,cf1e679f-16d6-4a3f-ad8c-9e9b94ef3d27,948.0799999999999
2021-11-20,P324,Clothing,63.19,9,5f82f0fa-ca64-402e-b1c1-f5071c3ce128,568.71
2021-11-21,P325,Home,191.42,2,35df9dab-8987-4d25-86b2-c06cb14699be,382.84
2021-11-22,P326,Home,150.2,8,29695814-0585-41db-afc9-2da4c59b11cb,1201.6
2021-11-23,P327,Electronics,115.33,8,5c91de10-d600-447c-ae13-b854dc7baf20,922.64
2021-11-24,P328,Clothing,126.23,2,f969dcab-957f-4deb-9564-bfae5acc376c,252.46
2021-11-25,P329,Books,89.72,4,b88c467e-6e61-490d-8e2f-88c2a5814a9b,358.88
2021-11-26,P330,Clothing,57.07,7,84519954-b4b9-466e-9fe6-ad411b7947e6,399.49
2021-11-27,P331,Books,77.63,4,7ed12fbe-7722-4037-91c9-ccf6d612ea46,310.52
2021-11-28,P332,Clothing,153.99,4,b48ea9d4-b4e9-4ef1-ae9b-8a925cb0a951,615.96
2021-11-29,P333,Books,12.73,6,a693e633-bdf6-4a3a-8301-3301ca57522e,76.38
2021-11-30,P334,Electronics,32.05,6,2155ab27-6068-4938-b83e-9f6b7a328973,192.29999999999998
2021-12-01,P335,Electronics,18.74,3,fbdff7d7-9bcf-4d15-a683-99abf7a62da8,56.22
2021-12-02,P336,Books,17.74,9,add83f91-05c6-404b-b9de-e61b106bbbc0,159.66
2021-12-03,P337,Books,172.54,2,6bb4676f-3a29-40b4-adf0-535c670ceac3,345.08
2021-12-04,P338,Clothing,143.69,6,69d9b988-2e42-4bfa-9cf8-4557088494f3,862.14
2021-12-05,P339,Electronics,100.09,7,4ca66c98-ba1b-4268-94de-8d86a14bf089,700.63
2021-12-06,P340,Books,28.59,9,f564f9d4-167d-454b-a204-401b0ab5c6a0,257.31
2021-12-07,P341,Electronics,103.41,3,6aa9ab07-82e2-492b-a39d-46db1ec41e8b,310.23
2021-12-08,P342,Home,99.96,3,344302f0-e6a8-41c5-9a25-20ba73b75de4,299.88
2021-12-09,P343,Clothing,42.91,7,5b4d4dd5-8a91-49ed-8fa7-f4b1cc977daf,300.37
2021-12-10,P344,Electronics,92.43,4,b0d9ddd6-adac-4a53-bcf5-968198859a30,369.72
2021-12-11,P345,Home,85.72,8,e253c948-b5b5-4743-aeb3-6a079ec894bf,685.76
2021-12-12,P346,Books,127.01,7,bd3ebf02-a8cb-4474-8ac4-a0bf60af98a6,889.07
2021-12-13,P347,Home,130.67,5,49408519-93ca-4fae-91ad-75c71fa9ea93,653.3499999999999
2021-12-14,P348,Home,18.61,7,eb201ddc-c4c2-446e-8ae9-da42b583ed99,130.26999999999998
2021-12-15,P349,Electronics,81.18,3,23d54663-2fcb-4851-914c-8432bfa65ff1,243.54000000000002
2021-12-16,P350,Clothing,128.91,2,88229064-d2d4-4e76-a7d0-038d52392e59,257.82
2021-12-17,P351,Clothing,105.6,6,b0e5a03a-adab-4602-ba07-f791e1294fe5,633.5999999999999
2021-12-18,P352,Books,172.73,2,b06caec4-6cb2-4284-99f6-d628eb8599f1,345.46
2021-12-19,P353,Clothing,135.15,3,6f1b1c44-3a11-4ffc-a79b-0e5d9f6cdc0c,405.45000000000005
2021-12-20,P354,Books,40.96,6,2f458db9-e263-446d-b2ef-7be62f4e9169,245.76
2021-12-21,P355,Clothing,23.41,5,dd71840f-d188-4655-b7b8-a8dfd193859a,117.05
2021-12-22,P356,Electronics,132.06,8,d1da3c6d-7f8f-4cc3-a895-b89a1f6dcc49,1056.48
2021-12-23,P357,Electronics,15.04,9,d208eef5-4af8-41ac-a905-20332d967825,135.35999999999999
2021-12-24,P358,Clothing,121.3,3,e1f63fb4-6fd5-42a4-8ee4-f2ac85c9eb85,363.9
2021-12-25,P359,Clothing,188.64,3,9774ce6d-e90a-4a8f-bd80-b22055a969a9,565.92
2021-12-26,P360,Home,119.34,3,b590e51a-75b9-4e67-a744-5bc3485cc145,358.02
2021-12-27,P361,Clothing,83.75,6,bc20f40f-7cd5-4b82-990c-5c68b3a670e9,502.5
2021-12-28,P362,Books,132.22,1,1e65154c-21f8-4949-8496-f2ee7bdb2060,132.22
2021-12-29,P363,Clothing,97.07,7,225200bc-0706-41e2-acfe-006604687123,679.49
2021-12-30,P364,Books,113.67,1,ebc2a0ac-17ac-474a-8cbc-fe2aeaf32933,113.67
2021-12-31,P365,Books,188.88,5,cf4ef377-157c-48f9-92c1-5f4a4159416b,944.4
2022-01-01,P366,Home,83.36,8,33004201-c6ed-4a52-822d-44b43fbbca89,666.88
2022-01-02,P367,Electronics,192.63,4,95af5453-6e69-425a-ae86-0aa7b965eb5b,770.52
2022-01-03,P368,Books,182.02,5,dab96845-5e48-4d88-b2bc-e229ea350119,910.1
2022-01-04,P369,Clothing,47.2,4,066799f9-c6d9-406b-b399-bd709b717679,188.8
2022-01-05,P370,Electronics,23.18,4,e9f4747f-2b1b-49b3-929f-1a963e229d8a,92.72
2022-01-06,P371,Home,29.15,8,d2cba170-52ae-493b-8fb8-9dea53b8ac8f,233.2
2022-01-07,P372,Clothing,13.46,2,dcc42943-c8bd-4b67-817e-00b56eeaf3ce,26.92
2022-01-08,P373,Electronics,27.94,1,6e19a1fa-81ad-4582-b161-238721666774,27.94
2022-01-09,P374,Electronics,139.77,3,3f327a26-c856-45a1-aa74-2ad4a603b371,419.31000000000006
2022-01-10,P375,Electronics,23.53,9,25cc52ed-93db-4f2b-969c-bff2418dcd47,211.77
2022-01-11,P376,Books,70.61,4,e9bbe1ec-6e88-4c28-8fcf-9523a4fb6f74,282.44
2022-01-12,P377,Clothing,170.53,5,0921f440-f473-45a5-9a83-7623fd6af1aa,852.65
2022-01-13,P378,Electronics,14.42,2,c6305c2f-33af-4fd1-a4d9-378ae710aa96,28.84
2022-01-14,P379,Clothing,164.75,4,76aef716-f538-40aa-85ce-91411208b1cc,659.0
2022-01-15,P380,Books,63.55,2,09fc81b4-4052-46d2-93ba-d6d2dfe1d42b,127.1
2022-01-16,P381,Books,32.45,2,9e899e35-6fea-4fc8-9b1f-a299965f2b37,64.9
2022-01-17,P382,Home,142.38,4,56ca01e1-246a-4c36-8610-687912f0c30a,569.52
2022-01-18,P383,Books,129.5,6,6a68d637-4784-4023-8084-bbdb086b1e9b,777.0
2022-01-19,P384,Books,176.72,7,204caef2-ee54-465b-8b1c-470cc72baa9e,1237.04
2022-01-20,P385,Electronics,149.66,3,316b3c18-1b42-4223-977c-9a2cf008f351,448.98
2022-01-21,P386,Books,162.66,3,4afee43f-a2ca-47de-9f0f-0f6062ae0acb,487.98
2022-01-22,P387,Home,63.59,6,50c22fb2-79db-40d6-8ddf-6dc2fada25fd,381.54
2022-01-23,P388,Electronics,43.71,3,e366d9b1-3250-413e-aa9c-225715d6bcd9,131.13
2022-01-24,P389,Electronics,152.62,2,d1c8e5b7-c8bf-40fd-bec9-986866f93c96,305.24
2022-01-25,P390,Home,163.3,8,be736324-ee99-4ea4-ac9e-7f3d07dd868d,1306.4
2022-01-26,P391,Electronics,198.2,5,ad68677e-a09c-4321-843e-4e4daa6b7fda,991.0
2022-01-27,P392,Home,88.4,1,a7047f8d-3154-483d-b3eb-a44d593fb17f,88.4
2022-01-28,P393,Books,80.68,3,31284cec-426b-4004-9d3e-1d552a163c21,242.04000000000002
2022-01-29,P394,Electronics,157.52,8,27494d15-3d7d-45ec-a455-a2c18f96453c,1260.16
2022-01-30,P395,Books,74.75,4,3bf815ec-749d-483b-97a4-394ee4746d50,299.0
2022-01-31,P396,Books,186.84,7,1ed57be1-a010-4972-a7f2-8101610138fb,1307.88
2022-02-01,P397,Clothing,173.1,2,31ec0ed3-4411-4e8b-a1dc-97e8715341b3,346.2
2022-02-02,P398,Electronics,91.51,7,46f1e8fe-283f-4a27-9f21-dfe68b21f880,640.57
2022-02-03,P399,Home,152.67,5,ed57cefd-770e-4062-849b-88414bde006a,763.3499999999999
2022-02-04,P400,Home,153.36,5,eab1c1ce-adfd-4f3b-b039-e9048bd54e23,766.8000000000001
2022-02-05,P401,Electronics,29.59,6,b483d798-9f9e-4133-b6aa-66b9fbc6345a,177.54
2022-02-06,P402,Electronics,181.49,9,376dd9f7-612e-4d03-a30c-18bfb7273417,1633.41
2022-02-07,P403,Home,106.0,6,a23b18f5-a2a7-4533-83d4-6f7210a15857,636.0
2022-02-08,P404,Books,167.03,8,26163fef-f5d4-479e-81b5-e8d506884467,1336.24
2022-02-09,P405,Books,70.81,7,87f97de0-2014-4307-8b24-3794706cad43,495.67
2022-02-10,P406,Electronics,180.15,9,a109cac6-e9c2-443b-828a-33081a3647cb,1621.3500000000001
2022-02-11,P407,Home,83.95,4,da19be40-3126-4c45-a870-8b4415d641b1,335.8
2022-02-12,P408,Home,12.06,2,494a81e9-1100-4683-8738-23e3129405f1,24.12
2022-02-13,P409,Books,182.02,7,9a8664bf-904c-44f7-b4a8-6b60d0a938ee,1274.14
2022-02-14,P410,Electronics,27.34,6,2d2f646a-3a3c-40cb-9d9c-8be841e5b252,164.04
2022-02-15,P411,Clothing,70.67,1,045b52f7-3da8-4110-a0d5-9772f76c4142,70.67
2022-02-16,P412,Home,190.51,9,97ee7c04-f8da-4d9e-96c6-5083450d412e,1714.59
2022-02-17,P413,Books,190.62,9,531fc6c1-11fb-404c-a325-a5f5afec7c06,1715.58
2022-02-18,P414,Home,118.95,2,619581a2-eabb-4fa2-a73b-507600a63f8f,237.9
2022-02-19,P415,Books,130.05,3,c1fe4a08-4c76-420a-a23c-7a32ce5777f9,390.15000000000003
2022-02-20,P416,Clothing,95.2,5,a3000aff-420c-422a-a116-6b6dea08228a,476.0
2022-02-21,P417,Clothing,65.71,5,46a15289-fb06-4221-be13-0914914d1af4,328.54999999999995
2022-02-22,P418,Home,72.45,1,4c673381-9277-424e-828c-1057455c875f,72.45
2022-02-23,P419,Electronics,137.78,8,833fb39b-3e08-4721-9508-c32fee5dfb17,1102.24
2022-02-24,P420,Home,152.95,8,a510777d-d59f-46fe-a6e6-80474b96fd85,1223.6
2022-02-25,P421,Home,160.4,4,8e8a57a6-da63-4db9-9a75-ae3e7117f023,641.6
2022-02-26,P422,Clothing,160.03,7,84582c63-d046-4242-97ff-9d9a74cdc37c,1120.21
2022-02-27,P423,Home,27.33,3,afa13ac7-5c75-41e8-96ba-5870664dd1b8,81.99
2022-02-28,P424,Clothing,103.94,6,be59178b-90dc-4f5d-b813-5b0d00d624ec,623.64
2022-03-01,P425,Home,20.94,9,8da5f41c-a783-4b2c-8050-3ba27c7f8387,188.46
2022-03-02,P426,Books,114.41,1,92a68a78-3679-4d09-a706-94851939774b,114.41
2022-03-03,P427,Electronics,93.89,5,6d5e1a65-2d2c-4eff-8f3a-45ad43174109,469.45
2022-03-04,P428,Electronics,178.66,4,0644095e-c1f6-4056-baad-024f3b46c950,714.64
2022-03-05,P429,Electronics,76.67,8,668c622c-d72b-4686-a435-7adb7fba32dc,613.36
2022-03-06,P430,Home,32.24,1,ca6b100a-773b-4517-9f5f-bea181db5ab6,32.24
2022-03-07,P431,Clothing,37.17,9,63001513-175f-4997-a6c9-f2e46b65cfca,334.53000000000003
2022-03-08,P432,Home,154.69,6,7d663af0-3a86-4bec-b376-cc6b0c94cdcb,928.14
2022-03-09,P433,Books,127.46,4,1eac284f-9cab-422b-bdbd-2fd38b33ed40,509.84
2022-03-10,P434,Electronics,29.21,9,b4bc630c-8b37-4f67-bcaf-2e766c4e7d49,262.89
2022-03-11,P435,Electronics,25.98,5,4d11d8ff-0f87-4aec-bc83-33699f1fd270,129.9
2022-03-12,P436,Books,143.18,5,65fe49ff-aba8-4995-a266-bc7c1c898e93,715.9000000000001
2022-03-13,P437,Electronics,23.82,5,82f83801-9a6c-4a7c-9d39-efd83dca1f80,119.1
2022-03-14,P438,Books,166.15,1,6ce4eb40-1b8b-408f-a428-9a27319fc1f6,166.15
2022-03-15,P439,Books,144.19,1,fa4a6f5c-c4f3-4534-9a81-167dac16b759,144.19
2022-03-16,P440,Electronics,25.46,8,75201baa-2943-4488-bb32-239649e14dc0,203.68
2022-03-17,P441,Electronics,26.12,8,3b2ea7eb-32a3-4e56-b317-eb806d60a670,208.96
2022-03-18,P442,Books,197.46,6,55cf41a1-a569-4cb8-a769-ca143dba604d,1184.76
2022-03-19,P443,Electronics,81.11,4,547b459d-70e4-4245-871a-8914239dc7f9,324.44
2022-03-20,P444,Home,80.42,2,fca1c639-93b4-48be-8c85-628ab3061505,160.84
2022-03-21,P445,Books,164.43,2,1a5e1d32-6baf-45f9-a70f-0a37b0c57f92,328.86
2022-03-22,P446,Home,189.98,9,8fbb50cb-e301-4b6a-9ec4-d5e88be2a46b,1709.82
2022-03-23,P447,Books,197.34,5,75a143f1-944c-4ae6-8924-3881152d6157,986.7
2022-03-24,P448,Electronics,153.14,4,a850c6d3-6ecd-49bb-9b90-bbe8a244652c,612.56
2022-03-25,P449,Books,81.49,1,956a7941-a2b9-46a8-afaf-64e06cf0aee7,81.49
2022-03-26,P450,Electronics,25.87,7,85dcd5b9-4960-4ef7-be4a-4e20f02fbfc6,181.09
2022-03-27,P451,Home,157.66,3,8e7da171-e405-4a32-a907-6080ae41a000,472.98
2022-03-28,P452,Clothing,116.1,6,c6f03f6f-ee00-471d-b834-b12cd45c218c,696.5999999999999
2022-03-29,P453,Books,90.6,5,0782e527-4dee-4431-bacc-c1b173f58337,453.0
2022-03-30,P454,Clothing,182.21,5,d39d997b-be4e-4563-a18c-1be07b64eae0,911.0500000000001
2022-03-31,P455,Electronics,31.13,5,471a8c24-00e3-4761-8317-33cd27fe380c,155.65
2022-04-01,P456,Books,103.6,1,b1dafd39-154e-43fb-b792-1503fbe9fa75,103.6
2022-04-02,P457,Books,12.16,1,2e174f4f-4f10-46ce-b886-74c33af2e529,12.16
2022-04-03,P458,Home,99.05,3,f1c54d48-227e-4575-bf7a-3e197863894d,297.15
2022-04-04,P459,Clothing,20.7,4,105b9a3f-c19d-4111-81eb-e415d23fefa5,82.8
2022-04-05,P460,Home,32.58,5,87bc316a-b296-40ff-a407-b7ac71fcefb0,162.89999999999998
2022-04-06,P461,Electronics,32.33,2,6fde02e9-a8fc-4fae-b45a-89b010bdfe19,64.66
2022-04-07,P462,Books,133.35,8,a277f048-5139-4bf7-a45b-6ca6096f0b40,1066.8
2022-04-08,P463,Electronics,151.75,2,c7dbc47c-d1be-4c70-afec-3d33bae2b9eb,303.5
2022-04-09,P464,Books,120.84,9,a60576e3-3e46-40a0-ad10-cd7c8d9c2428,1087.56
2022-04-10,P465,Home,192.81,2,452ca70c-705d-4345-a948-c523a8a445b8,385.62
2022-04-11,P466,Clothing,81.23,9,ebc53967-f4e8-4589-854f-32599c2941b2,731.07
2022-04-12,P467,Books,64.29,7,47bb21ca-60a2-4de9-90cc-81217ad1b8bc,450.03000000000003
2022-04-13,P468,Clothing,175.03,8,6190ba83-a457-4d7a-b9d2-b543ef8eb74b,1400.24
2022-04-14,P469,Books,52.48,2,7844e46c-7cf7-478c-be24-aa34139f3424,104.96
2022-04-15,P470,Home,193.01,7,e4640f0c-e2cb-4812-b5ce-ad27f0a28c8e,1351.07
2022-04-16,P471,Clothing,12.31,6,39749609-5939-47aa-835e-e760b6465646,73.86
2022-04-17,P472,Books,194.28,4,06a33570-4f21-4548-acfe-214a9bda03a9,777.12
2022-04-18,P473,Books,18.2,7,cae8c91f-dcaf-45cb-8f3a-68fa34a7a3cd,127.39999999999999
2022-04-19,P474,Electronics,179.32,4,34b33a39-a454-46b4-bd22-3437345653f6,717.28
2022-04-20,P475,Clothing,110.26,2,08d87a52-30e5-4758-9854-69837b00d642,220.52
2022-04-21,P476,Home,198.66,7,801933c5-7bf4-4616-8190-05de43f7dbf2,1390.62
2022-04-22,P477,Books,24.02,8,cb347e26-d805-44ce-817f-25e9f1adfac3,192.16
2022-04-23,P478,Books,115.23,2,2d3d5c0e-56bd-413e-af7c-5a699aa83f72,230.46
2022-04-24,P479,Home,194.17,5,cfa57458-3d4b-4c0b-8260-0cc7c7b26a3c,970.8499999999999
2022-04-25,P480,Electronics,109.39,1,0623f32f-7b9c-48c5-8295-ff8231aa0d86,109.39
2022-04-26,P481,Electronics,129.59,7,0713044a-ee23-4efb-800b-80832555b9f5,907.13
2022-04-27,P482,Electronics,142.19,8,63e3a862-aed7-412e-91b2-5734b166640d,1137.52
2022-04-28,P483,Electronics,96.36,6,b483ec8a-b74e-4fd1-8ceb-531ab60cd866,578.16
2022-04-29,P484,Home,129.24,5,4cfa3982-bd69-4619-999b-a7c1adc725a9,646.2
2022-04-30,P485,Clothing,121.02,6,6b850e06-cf05-4a60-8674-e0f57c00be00,726.12
2022-05-01,P486,Electronics,181.22,2,051864e7-7386-4b4e-94e2-269d10c7fbf2,362.44
2022-05-02,P487,Home,18.63,1,070ab6af-90dc-4b6b-98c2-789f762fa4f6,18.63
2022-05-03,P488,Home,63.38,7,cbd495cf-a682-4bc8-8acc-129f31294286,443.66
2022-05-04,P489,Home,190.58,7,c9efebc8-f767-4f32-9584-934fccde3a21,1334.0600000000002
2022-05-05,P490,Clothing,179.15,2,e29ab3d5-81f5-47e9-b678-c5c7ca0b238c,358.3
2022-05-06,P491,Clothing,96.57,2,0f6b8849-ede1-49cb-9ab4-0a3db8813af1,193.14
2022-05-07,P492,Books,127.83,1,d23f84be-af03-4681-9b07-269865d7480a,127.83
2022-05-08,P493,Books,62.7,8,1e4bbdc0-3a4e-4052-824c-bc3a79848e94,501.6
2022-05-09,P494,Electronics,45.74,8,fbec0bc7-1541-4190-b622-84939e45e673,365.92
2022-05-10,P495,Books,98.1,1,87faabad-9a9e-400f-8a65-7b03a0c9e307,98.1
2022-05-11,P496,Clothing,77.14,8,b5cd32d6-2a76-4d1c-84f8-385c48e53229,617.12
2022-05-12,P497,Electronics,120.89,9,dea49f0c-3f7d-48ab-81fc-16aec37c52d2,1088.01
2022-05-13,P498,Home,24.77,4,1e1bef60-b422-4e91-9f94-00ec09c6bfa4,99.08
2022-05-14,P499,Home,195.14,1,e7e10cae-5c32-4fdd-9c0b-b70490065863,195.14
2022-05-15,P500,Electronics,197.38,1,81532156-3a1f-4ef4-982e-c4eb40e0fc7d,197.38
2022-05-16,P501,Books,142.65,3,d61ba723-780d-4afc-ac8a-9eaf302c95b5,427.95000000000005
2022-05-17,P502,Electronics,111.86,5,f21830e9-b6ef-4a31-a609-d8334c9bb51c,559.3
2022-05-18,P503,Clothing,68.81,5,c278a8be-5423-4dc9-8e53-4090eca4c5ef,344.05
2022-05-19,P504,Books,164.62,9,a10359f1-ae34-439e-bf5f-b24404c926cf,1481.58
2022-05-20,P505,Clothing,140.1,2,ec1cd33e-954a-4e17-bb67-80898206c5fd,280.2
2022-05-21,P506,Home,40.9,2,abca5b28-94d2-4919-8f91-284356ce968d,81.8
2022-05-22,P507,Clothing,183.08,6,70af0233-b34b-4b94-8380-9fb28f6807a9,1098.48
2022-05-23,P508,Clothing,166.28,9,adbd17df-a099-4b2e-b2d6-7b5246512e3f,1496.52
2022-05-24,P509,Home,190.46,1,9b1b0d98-b912-469f-821c-80a6dc1d473b,190.46
2022-05-25,P510,Home,147.89,9,9ae7a2b6-b49f-479d-b378-78ae673e0023,1331.0099999999998
2022-05-26,P511,Books,126.55,9,22916d57-8d59-43a3-bc78-b47c66fbc1ac,1138.95
2022-05-27,P512,Clothing,89.47,9,1ebaaa81-05be-4909-9a84-38682710d653,805.23
2022-05-28,P513,Home,187.22,5,a7413afe-c5b9-40da-b0e1-c2d0d5c96165,936.1
2022-05-29,P514,Electronics,174.55,9,6d5af7eb-c8db-4011-ae6b-53311ad9619e,1570.95
2022-05-30,P515,Home,18.59,4,63f22bb6-bcee-4293-8552-7d98b40fe72d,74.36
2022-05-31,P516,Home,15.01,2,442a198c-2873-48c3-aece-4e488782054f,30.02
2022-06-01,P517,Books,81.53,6,d838a3ba-2ec7-4777-a53e-87c77bcba58a,489.18
2022-06-02,P518,Home,164.01,4,425f0dd0-d356-44a8-8e75-eb5710c199b3,656.04
2022-06-03,P519,Home,197.58,6,d2edbea6-a1d4-4cb4-a7dd-4bd6f925cf5c,1185.48
2022-06-04,P520,Home,38.58,3,0835c09c-6e95-4601-8d48-da5d9d992e6c,115.74
2022-06-05,P521,Home,122.88,6,350f2ce8-1423-4338-b604-d8aa6089da2e,737.28
2022-06-06,P522,Home,82.37,2,9b74372d-ef01-4fee-ac39-81e84c8c86c4,164.74
2022-06-07,P523,Electronics,194.28,2,37f4533f-5986-416b-8a69-cb8015c54f78,388.56
2022-06-08,P524,Clothing,170.0,9,0c98fbd5-9a02-4458-99e8-ca36c3d9f327,1530.0
2022-06-09,P525,Electronics,169.28,7,0e6e7ad9-7a09-4855-88b1-f6a442dcfb82,1184.96
2022-06-10,P526,Books,99.05,3,1e44d347-8cec-4ec7-ab68-43d855f53b98,297.15
2022-06-11,P527,Electronics,88.82,1,4284024c-65d1-4500-b322-5ea00da63876,88.82
2022-06-12,P528,Books,61.95,8,da75985d-8950-49b9-bac2-26b9ed11fc06,495.6
2022-06-13,P529,Books,20.71,6,c2bf9a3a-cb17-436a-b5ff-794b5621fdd2,124.26
2022-06-14,P530,Clothing,174.3,7,983c0a37-8e0e-4f1a-9739-a1f4a8186956,1220.1000000000001
2022-06-15,P531,Home,164.45,9,98328862-6fad-41f8-9f06-a0ce925b4f83,1480.05
2022-06-16,P532,Clothing,199.95,5,d85b7328-9dc7-4254-8846-d77c7a27b677,999.75
2022-06-17,P533,Home,199.36,1,2a41d111-1fb1-4f2b-8f63-2b2fa829bf31,199.36
2022-06-18,P534,Clothing,115.53,7,72c50e4e-3dc9-48c1-b726-221b4fbb694f,808.71
2022-06-19,P535,Electronics,156.11,5,a0810390-2762-43ce-9d12-ec2720e0c05e,780.5500000000001
2022-06-20,P536,Books,189.51,3,00a07bdd-5b84-453c-93bb-6d547c084f43,568.53
2022-06-21,P537,Books,171.43,9,dc6089e3-88b7-4cc8-b40a-90f0adf72bf5,1542.8700000000001
2022-06-22,P538,Books,57.0,1,b0f9ea6a-b2aa-47cd-b520-3ee451a3181e,57.0
2022-06-23,P539,Books,95.6,1,c4a1892e-82c4-4f3d-8af2-3d0f40a67a0c,95.6
2022-06-24,P540,Electronics,34.54,1,68ad079a-db32-491f-91a8-1c46c51d2b42,34.54
2022-06-25,P541,Books,191.27,3,06dfb187-7e18-48d2-84b3-db9fb263ae06,573.8100000000001
2022-06-26,P542,Electronics,125.17,6,efe76c16-d772-4a7b-acc3-2427e78e9153,751.02
2022-06-27,P543,Home,53.44,3,abc07312-7814-43ac-a256-cd23ccb2ba93,160.32
2022-06-28,P544,Books,137.62,8,c1ca7163-ea9e-4037-9f11-cb8471ba72b9,1100.96
2022-06-29,P545,Home,127.44,2,0fc34092-a1be-43be-a196-4aadf6f4b2fc,254.88
2022-06-30,P546,Clothing,78.05,9,89391ca9-f8ef-489d-b473-85f6d917bee6,702.4499999999999
2022-07-01,P547,Clothing,31.58,3,bfbaa4a7-b13d-482e-8967-d487f42a473b,94.74
2022-07-02,P548,Home,137.6,5,97fa939a-c2f0-4109-9bdc-13390c8ee628,688.0
2022-07-03,P549,Electronics,108.86,8,fcf388e5-f455-41be-83c3-a87e24c9e5af,870.88
2022-07-04,P550,Electronics,156.74,2,e276e219-6909-46fa-bca6-e071a6e6d8b3,313.48
2022-07-05,P551,Electronics,108.83,6,cd2564e1-5556-4960-8f2a-20845f0c5c02,652.98
2022-07-06,P552,Books,171.91,5,8dbff44c-488f-435a-aaf3-412fd11304e0,859.55
2022-07-07,P553,Books,114.86,9,e24972f2-ed03-4db1-888a-ceed9d592c3b,1033.74
2022-07-08,P554,Books,116.58,5,14136196-1aae-422f-a3c2-679082800eaf,582.9
2022-07-09,P555,Electronics,176.56,2,b9140485-5438-4f3c-97a0-45a85a22b4f2,353.12
2022-07-10,P556,Home,86.66,5,3ee9ee6a-dd5c-4279-ab52-d46ebb673cda,433.29999999999995
2022-07-11,P557,Books,35.46,4,d6405541-1194-443b-80c2-7b6076b58e04,141.84
2022-07-12,P558,Electronics,15.47,7,5e842264-f103-48ba-a21a-3eddd7019d73,108.29
2022-07-13,P559,Books,153.48,6,05d18c10-184e-4bc8-8a5a-7f51759092d6,920.8799999999999
2022-07-14,P560,Home,127.86,2,f044c209-11b3-4ff9-a1ab-5d1e698f893b,255.72
2022-07-15,P561,Books,143.78,5,36cc99ec-24a0-4316-bedb-ffeda4471e25,718.9
2022-07-16,P562,Books,50.46,7,8584b13d-cc0e-4e31-91f6-7594154d071f,353.22
2022-07-17,P563,Home,35.91,7,ed274a90-9d95-435c-8ac8-3799f812cc46,251.36999999999998
2022-07-18,P564,Books,12.76,5,75369584-0b51-4c98-b3bb-da093f924da9,63.8
2022-07-19,P565,Home,76.61,9,a69fa04e-322b-44b5-a386-2a9b99da6a34,689.49
2022-07-20,P566,Clothing,122.08,4,47b6320d-f106-48cf-98b0-9d9c870e3b2c,488.32
2022-07-21,P567,Home,84.53,3,24eb9517-9ce5-47cf-8aaa-76e4affe24a5,253.59
2022-07-22,P568,Electronics,93.12,4,724460f1-d099-40ea-9cac-2e0aee5803a4,372.48
2022-07-23,P569,Clothing,181.79,5,2961281c-a6c4-4c1d-bd08-3cf45ca67737,908.9499999999999
2022-07-24,P570,Home,76.17,6,c9fc3b28-9757-4e91-855d-1b6565da0f42,457.02
2022-07-25,P571,Books,107.66,3,bf9e3c84-b3f5-45f2-9b3d-89a37f487367,322.98
2022-07-26,P572,Books,158.89,2,c547836d-c5b0-4bb0-95d8-81cac5412c08,317.78
2022-07-27,P573,Home,85.34,4,37d228c1-2be5-4ee6-8b62-7e777fe42003,341.36
2022-07-28,P574,Electronics,128.2,5,f4ef60f8-34b7-4cd5-8e9f-7d81c3d25e4f,641.0
2022-07-29,P575,Clothing,173.85,4,90cb2fde-a865-4bf4-b597-ccc0cd4f4ca6,695.4
2022-07-30,P576,Home,190.41,3,c97601ad-1663-4cd9-afa7-2aa4c1e6a66e,571.23
2022-07-31,P577,Books,37.94,8,ad1be2e4-13e1-4d6b-9691-c0998a303712,303.52
2022-08-01,P578,Home,186.05,4,40579c6e-b2ab-43b2-b7e4-5c2095d7f065,744.2
2022-08-02,P579,Home,103.5,2,ed9da20b-536a-4134-a491-2e79898bc3eb,207.0
2022-08-03,P580,Electronics,59.07,2,04effdef-8858-40d3-a08a-f21d317ff2c8,118.14
2022-08-04,P581,Home,97.24,1,08dee589-8ff0-48bc-aaed-0d4ca62868d4,97.24
2022-08-05,P582,Electronics,196.21,4,24402b5a-6f2c-44e8-93e7-52eccf061da2,784.84
2022-08-06,P583,Books,103.6,9,5b0adb14-61b8-45e8-9df8-381168aa9590,932.4
2022-08-07,P584,Home,72.46,7,c79d79f5-08c5-457b-9dda-cbd7b64fc089,507.21999999999997
2022-08-08,P585,Home,130.35,7,7df9af0d-3edf-4839-814c-5b18dd2a2e61,912.4499999999999
2022-08-09,P586,Books,55.63,7,fccef22a-eb3e-4512-888b-0ee80ab7d7a2,389.41
2022-08-10,P587,Electronics,24.41,8,df5a0234-2c4d-404b-9b2b-ec730d2a075b,195.28
2022-08-11,P588,Clothing,34.49,1,1f3d29f7-76be-4c1c-a2c0-7c0cf570cf88,34.49
2022-08-12,P589,Books,34.33,8,60457fce-273e-4203-8395-d249be3aa2f4,274.64
2022-08-13,P590,Books,38.86,4,29e1c7c2-a45d-4d47-a9d0-2ce669363a1d,155.44
2022-08-14,P591,Electronics,36.38,4,e735ac7a-ca84-4c0a-8ba9-509faff58a4b,145.52
2022-08-15,P592,Home,131.77,4,ee195f3e-03de-4307-a154-2375d1375155,527.08
2022-08-16,P593,Electronics,44.56,6,2f317c85-05bb-4b04-90d9-b0587e609fe9,267.36
2022-08-17,P594,Clothing,75.68,7,34908f35-a836-408a-a844-a3cb3bb06681,529.76
2022-08-18,P595,Clothing,180.39,6,2ce77789-743d-423c-b7ec-21d18b4db451,1082.34
2022-08-19,P596,Books,100.05,1,4b8f1e72-9ed6-410b-a64c-a03aa13ab899,100.05
2022-08-20,P597,Clothing,136.84,8,957cf890-a707-4da9-b311-22a1691d6dc0,1094.72
2022-08-21,P598,Books,42.74,7,bda8f09c-37dc-432e-8edc-b6928a4e4047,299.18
2022-08-22,P599,Clothing,46.53,6,678afdbf-ebbd-40c8-ba2f-3b12949852d8,279.18
2022-08-23,P600,Clothing,17.77,6,e6376302-ecbe-4a05-bdb0-b82cce642e3a,106.62
2022-08-24,P601,Electronics,42.1,5,cb5e2f56-6e4e-4e10-9b00-521063b4e51e,210.5
2022-08-25,P602,Electronics,62.93,6,8f941c48-0800-44f9-83c1-6f3d4cd82492,377.58
2022-08-26,P603,Electronics,43.63,9,143714a2-cd48-43f0-8af6-c6a1a7d3bc7a,392.67
2022-08-27,P604,Home,26.85,9,652d2724-bac9-4258-bcf4-a711be131b95,241.65
2022-08-28,P605,Home,32.92,8,265f75ac-6516-40a5-b460-e76755c1fffb,263.36
2022-08-29,P606,Home,97.55,9,ec47be9a-ea5c-46a9-8ab6-31910802fed7,877.9499999999999
2022-08-30,P607,Home,49.2,8,0dd99373-ed11-4937-9cd8-e39e30008b31,393.6
2022-08-31,P608,Clothing,79.21,8,792444c1-e53b-4d4f-92f6-8ecfbf0a2b5c,633.68
2022-09-01,P609,Books,105.65,1,eec76680-cea7-4729-b217-eb9037e7796b,105.65
2022-09-02,P610,Clothing,141.18,5,4a04adfe-7690-440a-8005-c2c1c3248d07,705.9000000000001
2022-09-03,P611,Clothing,17.47,4,4a108630-cc44-41f2-a963-a930c4c1b7d4,69.88
2022-09-04,P612,Electronics,161.89,2,198924eb-cc10-40a3-883f-7b69ab159a7f,323.78
2022-09-05,P613,Books,129.3,8,b23101cf-5b9d-409b-8f8c-14c855f3e637,1034.4
2022-09-06,P614,Clothing,25.53,3,3373d433-c0ae-4426-8dde-5015eb09e5f8,76.59
2022-09-07,P615,Home,175.98,4,43a06234-fa84-4979-a298-5167ab06d76d,703.92
2022-09-08,P616,Electronics,184.97,7,0339b644-1326-40af-be7c-fda03f4d614b,1294.79
2022-09-09,P617,Clothing,21.6,9,efb139dc-346c-4a0c-8a4e-6ac7d55f13f0,194.4
2022-09-10,P618,Clothing,62.61,2,b4c01015-bb68-43af-96bd-b9445a523817,125.22
2022-09-11,P619,Home,163.18,3,2a1a5fea-5fa1-4df1-b13e-80b26c305981,489.54
2022-09-12,P620,Books,152.17,4,3b61ea54-78e8-4d9b-90af-3e830974786a,608.68
2022-09-13,P621,Electronics,45.06,1,e6753fca-ac46-4c72-8b39-2fabd4ae057d,45.06
2022-09-14,P622,Books,49.78,7,59d10ad6-b008-41a0-9701-75660d76256b,348.46000000000004
2022-09-15,P623,Electronics,80.39,2,09a36366-eeea-4948-b7d7-c3dbbd255fb9,160.78
2022-09-16,P624,Electronics,102.06,5,f67f8d0c-8662-4506-9637-568c7d23a614,510.3
2022-09-17,P625,Books,127.47,1,82b1e428-37de-44a0-ba54-b241b3b31a53,127.47
2022-09-18,P626,Clothing,80.09,3,8a0e5c9c-424e-4c9d-9b19-db3a48d581e0,240.27
2022-09-19,P627,Books,97.88,2,43781b04-0969-4227-a77d-662027b8c08e,195.76
2022-09-20,P628,Electronics,152.02,1,0989f148-d7ec-4dbd-aaf2-35ba61424a0f,152.02
2022-09-21,P629,Clothing,16.97,7,3d350706-db20-4066-98f0-e0d9534d3dbc,118.78999999999999
2022-09-22,P630,Electronics,57.96,5,7b1834bc-3b81-4056-89f5-41f2dd2c039b,289.8
2022-09-23,P631,Electronics,145.54,1,b3c0020b-7390-4415-b858-1757ce45cab5,145.54
2022-09-24,P632,Home,180.09,6,87afa9e1-a8a7-48e4-9ed5-daed90bc669e,1080.54
2022-09-25,P633,Clothing,107.22,5,395a6324-1d09-4f4e-ae20-626e8ce5fd2f,536.1
2022-09-26,P634,Books,111.1,3,dba0ba10-fc12-480f-afb3-2c77f0429c76,333.29999999999995
2022-09-27,P635,Electronics,30.36,7,567058aa-02b1-434f-9f92-7510381cb178,212.51999999999998
2022-09-28,P636,Home,95.01,9,6ecd1574-2255-416a-a3ec-2684f7b084e2,855.09
2022-09-29,P637,Electronics,111.2,9,b40c5d77-cc08-49d8-bd3a-46bbfe0f15bc,1000.8000000000001
2022-09-30,P638,Home,56.07,9,37110015-74fb-464d-955d-479a7da85d31,504.63
2022-10-01,P639,Home,61.16,2,8b68cb45-235e-4781-8fe4-601283953ba9,122.32
2022-10-02,P640,Electronics,81.68,3,e46fc481-cd5f-4396-b0c1-589e25f4bf01,245.04000000000002
2022-10-03,P641,Books,13.81,7,e7938fee-6f3e-406e-a3fa-166da44f204f,96.67
2022-10-04,P642,Clothing,71.2,5,941f51f6-d745-4f32-bfdd-0a6ef903f0d0,356.0
2022-10-05,P643,Clothing,50.18,2,5f9d8590-626d-423d-8647-4ce294111f59,100.36
2022-10-06,P644,Electronics,72.22,3,a3d89b29-784b-41a4-a694-93c99cd311d2,216.66
2022-10-07,P645,Home,32.75,6,7afe5ac2-8b14-4ce4-ab62-7f97a0633e33,196.5
2022-10-08,P646,Books,179.2,7,e95a842e-3efe-4119-9ae1-e3be4c184c8f,1254.3999999999999
2022-10-09,P647,Home,122.78,9,f3db483f-4f92-4f57-b46e-e19b98bc1af5,1105.02
2022-10-10,P648,Books,139.03,1,36f83d9c-7909-4ae4-b09f-846c7e290cda,139.03
2022-10-11,P649,Electronics,159.94,7,ca0a2a82-b6da-40a7-9053-00c4e37865ea,1119.58
2022-10-12,P650,Clothing,104.7,8,766c2865-5455-408b-890b-b248ed369f6e,837.6
2022-10-13,P651,Electronics,26.51,3,0eacd468-9404-43b0-9d4e-0bc90c87afff,79.53
2022-10-14,P652,Books,112.05,4,ce85b330-542a-4f28-a201-617a0ad26aaf,448.2
2022-10-15,P653,Clothing,121.5,6,c9794e73-8441-45da-82da-35fb13017708,729.0
2022-10-16,P654,Electronics,151.63,7,2c089a2e-1fba-47d2-8a9a-d3426654b17d,1061.4099999999999
2022-10-17,P655,Books,92.02,4,4f5cf602-c48a-44b6-b6dc-be0fee387f28,368.08
2022-10-18,P656,Home,34.24,8,672d2537-6974-4b48-95c1-3ee7e327b969,273.92
2022-10-19,P657,Home,63.92,5,4a1530eb-1fb3-4d71-90cd-52a6d27c9859,319.6
2022-10-20,P658,Clothing,78.99,1,7cc96675-7e01-4df6-9de1-99be4210c8cc,78.99
2022-10-21,P659,Electronics,132.72,4,7c0d917a-3d82-44dd-9534-22ddfce64d3f,530.88
2022-10-22,P660,Clothing,118.45,3,8fa53846-ae02-4eb7-9c0c-776851976270,355.35
2022-10-23,P661,Home,77.66,9,76d42e68-0c0d-4530-bf40-1a9151e9477e,698.9399999999999
2022-10-24,P662,Home,197.44,8,5de2c556-4056-4043-8173-9ba3145cde32,1579.52
2022-10-25,P663,Home,125.1,1,3b4a5ef6-6d09-408c-a397-93b15087d97d,125.1
2022-10-26,P664,Home,55.07,6,0d19b2c6-8739-4393-9e5d-d46028d561e7,330.42
2022-10-27,P665,Books,29.34,9,bfc32e94-2ef9-4450-93c3-bd156c573c7e,264.06
2022-10-28,P666,Clothing,39.04,7,b3af79ac-b345-4227-9f2e-7a965120302c,273.28
2022-10-29,P667,Electronics,56.73,4,c8894b84-3b38-4f88-808e-a1fe435bdf27,226.92
2022-10-30,P668,Clothing,40.53,1,c3b40f9c-2dbe-408c-a4d7-b32cab9c5be2,40.53
2022-10-31,P669,Home,45.45,2,8f18fe50-85f7-46aa-a64e-72a712da7fed,90.9
2022-11-01,P670,Electronics,64.17,5,1a6ae07e-5a03-40dd-bf19-6169ac4ba0ac,320.85
2022-11-02,P671,Electronics,42.94,5,f326daf2-cbdd-4674-8bdc-4567634b819f,214.7
2022-11-03,P672,Electronics,180.39,8,7606f2a5-7246-4b8e-95cf-5b4d3194eed0,1443.12
2022-11-04,P673,Home,25.24,6,3a75a63b-a1af-4c72-b021-d2c47b799ba5,151.44
2022-11-05,P674,Clothing,109.66,8,25726f5c-4cd2-4b2e-974a-97bb62a96152,877.28
2022-11-06,P675,Electronics,87.98,2,fa216d49-3216-44a7-8e05-f19daa5b172d,175.96
2022-11-07,P676,Electronics,196.65,3,ee09a1b3-6d14-4b21-96f0-90778f665f2a,589.95
2022-11-08,P677,Home,31.29,6,8da9000f-9d0e-4bda-b47d-c9a66b52df60,187.74
2022-11-09,P678,Books,85.59,3,bc095939-44fb-4391-8e97-87516e76e20b,256.77
2022-11-10,P679,Home,194.2,6,9a4a3683-e2d6-4ebf-a23b-7e29dc43efbb,1165.1999999999998
2022-11-11,P680,Clothing,174.45,6,8cf557f2-b02e-48f5-94d8-6fe1df10a6cc,1046.6999999999998
2022-11-12,P681,Books,165.24,2,9b6a9e57-9192-48d6-b91b-747301f85472,330.48
2022-11-13,P682,Home,59.0,7,23d1e36e-10de-4f58-b630-026c88bafafb,413.0
2022-11-14,P683,Electronics,42.47,2,e9404011-f365-42f0-ad81-dc549b10ea0c,84.94
2022-11-15,P684,Clothing,137.04,6,26bb6e15-d4c7-4cc2-a3c2-643b7619ab74,822.24
2022-11-16,P685,Books,186.58,1,3b5d5210-4ece-45da-8c8e-a2720b0f5f96,186.58
2022-11-17,P686,Books,115.78,3,83191195-44ba-4630-ab0e-4b28be002ff8,347.34000000000003
2022-11-18,P687,Electronics,118.61,2,2281187b-4b75-4359-8021-cf7776108105,237.22
2022-11-19,P688,Electronics,63.2,7,9f4b1677-c2a7-4404-90da-df1518d22c83,442.40000000000003
2022-11-20,P689,Home,156.2,4,1a15b8ca-2595-4cef-98b3-f40bf28b7041,624.8
2022-11-21,P690,Books,45.54,8,2f41d605-f0ca-40b6-872e-b3970f45395e,364.32
2022-11-22,P691,Electronics,71.5,6,a4875b77-b2d6-4995-a254-b715b4d01fde,429.0
2022-11-23,P692,Clothing,90.83,4,21fb1134-4b80-4a25-917e-731230a9a683,363.32
2022-11-24,P693,Home,106.45,5,e58e5dae-82bb-4dd4-8c12-698040371c0b,532.25
2022-11-25,P694,Clothing,56.06,9,47784fd7-1ad2-45a3-b286-b208ac0ce769,504.54
2022-11-26,P695,Books,31.82,7,2108bf4c-60bd-4d34-b80d-deff77c23c24,222.74
2022-11-27,P696,Clothing,126.02,9,bf107d77-b187-422f-9dae-d65df7acae5f,1134.18
2022-11-28,P697,Books,64.84,7,8d1e5243-443b-4dc5-804e-5e78c7d96188,453.88
2022-11-29,P698,Clothing,120.44,1,11021686-160e-44f7-b374-b96f78db37a7,120.44
2022-11-30,P699,Home,39.33,8,d3a4f956-c20a-454b-b6c2-0c8e133b0e0c,314.64
2022-12-01,P700,Electronics,101.42,4,2504dd0e-9ffc-4140-938c-2f0d6e6a4580,405.68
2022-12-02,P701,Home,111.19,3,a4bd26dc-347e-42b8-beb5-54fa6a605cd9,333.57
2022-12-03,P702,Clothing,19.85,7,ab836431-979e-4260-b2b2-685eef1e4f34,138.95000000000002
2022-12-04,P703,Books,73.95,3,5e8cec75-983d-4d93-99c7-67eee89709cc,221.85000000000002
2022-12-05,P704,Electronics,35.54,8,705afc48-1410-46b6-ba78-b2fe99f9b199,284.32
2022-12-06,P705,Clothing,22.04,6,2464b961-979a-4f21-9c59-2d256532a989,132.24
2022-12-07,P706,Electronics,198.09,5,9615214f-9725-44c2-8658-7edb2129c27f,990.45
2022-12-08,P707,Clothing,71.25,4,8228e84f-0e41-40f3-8aee-31360f57dbf8,285.0
2022-12-09,P708,Books,163.88,8,46fa501a-850c-4098-ac40-241499c1e3e3,1311.04
2022-12-10,P709,Electronics,58.38,8,da1a7389-72b3-410d-b407-201b5a08dd96,467.04
2022-12-11,P710,Home,139.49,1,4ea9f6ff-770b-426f-a430-6bcd78a174d5,139.49
2022-12-12,P711,Books,154.44,9,e05bd571-60b8-4c62-9267-c075b352d510,1389.96
2022-12-13,P712,Electronics,123.17,5,68751a29-e024-4934-b4ea-76f0072434e5,615.85
2022-12-14,P713,Home,99.6,4,9a25879f-24ae-44b6-bdc3-a3caf83e6c30,398.4
2022-12-15,P714,Books,88.25,6,8986d170-d276-4d51-8c79-8237da83a291,529.5
2022-12-16,P715,Electronics,76.28,6,668df609-4102-46b5-85d0-592f8b37fb28,457.68
2022-12-17,P716,Clothing,186.61,2,46a6646f-8919-4733-be43-09eef974ee77,373.22
2022-12-18,P717,Clothing,167.82,8,3bd1189f-0abe-46ef-94b2-65cd6685bd27,1342.56
2022-12-19,P718,Clothing,193.36,7,faad8c2f-f83b-40fd-aa63-b3fb7d94bfd9,1353.52
2022-12-20,P719,Electronics,33.62,1,28580265-cfc5-4d73-b43f-064c7347e57b,33.62
2022-12-21,P720,Books,148.86,5,2be2578b-66c4-48f8-a092-05cc7c9366c3,744.3000000000001
2022-12-22,P721,Electronics,188.28,6,4ea4f53c-dd43-4f2d-9afb-853ca952cc1e,1129.68
2022-12-23,P722,Clothing,44.43,4,bb11598d-513f-4992-a224-d9e9c68d919e,177.72
2022-12-24,P723,Books,22.63,2,a939f526-c9fe-4527-b86a-5d1765a24792,45.26
2022-12-25,P724,Clothing,150.81,4,9f12634e-b1b9-43f8-b0da-135f04cac43f,603.24
2022-12-26,P725,Home,119.15,1,4a25ba81-f99a-447c-88fd-c20a12b117a7,119.15
2022-12-27,P726,Home,169.95,7,48d8a292-e92e-43ff-a4cf-d2469aaef406,1189.6499999999999
2022-12-28,P727,Electronics,36.56,2,bde56c98-d4e2-47e4-823d-5edc2d333e1c,73.12
2022-12-29,P728,Home,161.1,2,d78f6162-71bf-4b03-a102-04ad022d3845,322.2
2022-12-30,P729,Home,48.31,9,82669e7f-1172-44a2-b3e9-d42a268d780a,434.79
2022-12-31,P730,Clothing,41.09,5,f4b9a66c-7cf8-49b9-b1df-51db7522985e,205.45000000000002
2023-01-01,P731,Clothing,41.21,2,5b5d45a7-ff33-4073-8876-66f8a610327f,82.42
2023-01-02,P732,Clothing,164.77,9,c59cf792-7926-4870-be02-460ba1d0d6c7,1482.93
2023-01-03,P733,Clothing,136.39,9,fe9a81d3-1d46-4131-99b2-3e019a0ad9de,1227.5099999999998
2023-01-04,P734,Home,109.38,1,812b6958-0ee3-4f69-9e62-5dc40f247695,109.38
2023-01-05,P735,Electronics,78.18,3,1a2b24aa-df7b-411a-88b7-1bf5e75d9684,234.54000000000002
2023-01-06,P736,Home,176.67,4,b159c871-f425-433b-9844-3d70ee913ddc,706.68
2023-01-07,P737,Books,84.56,7,e4a942d7-7657-4705-80f4-d9637a547730,591.9200000000001
2023-01-08,P738,Clothing,165.15,4,ce31c004-629d-44c6-9a6e-e5787965fa26,660.6
2023-01-09,P739,Electronics,93.44,2,29c974b7-239b-4017-8769-cdf6740881dc,186.88
2023-01-10,P740,Books,81.62,7,be5efd30-e047-4790-b5d8-45331cf6b619,571.34
2023-01-11,P741,Home,97.91,6,862a22d1-4c3b-404c-a959-f1e212b9c849,587.46
2023-01-12,P742,Home,67.26,3,4696e2dc-9e03-4cc2-ba69-5714743112b8,201.78000000000003
2023-01-13,P743,Clothing,152.05,6,98adf6c0-0e44-40b3-a3b2-4e5e3492489a,912.3000000000001
2023-01-14,P744,Home,105.52,6,13b6e12e-dc86-49af-8bce-ff6e6464e938,633.12
2023-01-15,P745,Books,54.12,5,019448ae-278b-4b21-a283-68eb6b86e4dd,270.59999999999997
2023-01-16,P746,Electronics,180.92,4,75e29aac-0434-4056-8610-1f6fca27f767,723.68
2023-01-17,P747,Electronics,82.94,1,e6d7fdd3-eb9e-4029-a06d-de438e68c8f5,82.94
2023-01-18,P748,Home,113.28,6,93adf23a-6638-40cd-9485-2df922f4f2ad,679.6800000000001
2023-01-19,P749,Clothing,182.23,2,0fec028b-bff4-481a-a518-817f9eec5e08,364.46
2023-01-20,P750,Clothing,128.61,3,acf20c97-076d-4517-a2ec-fc0b85f9aede,385.83000000000004
2023-01-21,P751,Clothing,32.21,8,7d9a6319-f132-4554-80b2-d0625232acb0,257.68
2023-01-22,P752,Clothing,188.57,6,ee535223-2ef6-4bf2-b933-1d88e421ed60,1131.42
2023-01-23,P753,Clothing,129.26,3,175b51c2-88f5-4fa9-babc-02d5ed3d5c0b,387.78
2023-01-24,P754,Clothing,73.63,7,ad6591fe-be8d-4cdc-9efb-e859f01151bd,515.41
2023-01-25,P755,Home,36.46,4,506b58c9-8dfd-439e-af8b-2645bec75c8f,145.84
2023-01-26,P756,Home,160.86,9,c77998b4-d9d3-4205-80a5-cdf50e3a3910,1447.7400000000002
2023-01-27,P757,Electronics,127.81,5,263d3d1c-e009-42cd-b1a4-7d9ec6bfd960,639.05
2023-01-28,P758,Home,111.36,3,9b2ef97f-a4c3-451c-bd4a-9fc9c36e9d2a,334.08
2023-01-29,P759,Books,179.84,2,8195788d-d171-4b9a-a152-2702a1e3e6cd,359.68
2023-01-30,P760,Books,159.83,2,ef4b59b0-2b41-47f1-af84-9bc1f696192c,319.66
2023-01-31,P761,Books,38.82,3,1e7b09b9-502c-43c1-8439-9e4cf0b835f8,116.46000000000001
2023-02-01,P762,Electronics,69.23,2,238a3846-8818-4532-afcb-12aa3f87414c,138.46
2023-02-02,P763,Electronics,57.21,4,bbb80445-44c0-4cb8-9f6e-ee60bf3402d4,228.84
2023-02-03,P764,Clothing,151.35,2,5fd64caf-bd98-4ae7-90cb-50583d736d68,302.7
2023-02-04,P765,Electronics,16.37,9,88c1c643-2988-4c57-8750-9f061a794219,147.33
2023-02-05,P766,Electronics,118.28,2,14d095bb-1c6f-406b-a1b8-3098a59a1855,236.56
2023-02-06,P767,Books,154.87,9,c613e9d4-072b-468c-b2ce-f7e679be3053,1393.83
2023-02-07,P768,Books,176.59,6,8a3d9ec6-f7b7-418e-bad9-cae91e34c31b,1059.54
2023-02-08,P769,Clothing,75.0,1,475b35bd-1037-4258-8fcf-bcf0c5ebe4ac,75.0
2023-02-09,P770,Clothing,166.04,4,e28bbb45-1b47-4270-b2d7-6f27cc6313da,664.16
2023-02-10,P771,Clothing,31.02,1,7328832a-53e4-4ecf-ab97-c18ce8903ae4,31.02
2023-02-11,P772,Books,170.83,6,a4adb6db-80de-4111-8378-ad98308b18a6,1024.98
2023-02-12,P773,Clothing,34.22,4,c2468396-b57a-4580-a852-e12a3bfb09aa,136.88
2023-02-13,P774,Books,85.48,3,cabdb215-a635-4d7d-8e92-f95750395f13,256.44
2023-02-14,P775,Electronics,161.49,3,032d3cf3-9439-443c-91f5-cbc29be431ed,484.47
2023-02-15,P776,Home,38.48,9,1509710e-ace1-400d-bf1e-859c8dd28563,346.32
2023-02-16,P777,Clothing,53.56,6,ccb31eb4-8785-4a79-8137-a2752e15d19f,321.36
2023-02-17,P778,Books,147.23,9,65ace867-1da1-4265-a82d-ac27858dee7b,1325.07
2023-02-18,P779,Books,146.81,5,c50b335f-8211-46ca-a69e-c183503c23f8,734.05
2023-02-19,P780,Books,131.82,2,06f6522f-675d-4f7f-9b0a-0e55ba6e611f,263.64
2023-02-20,P781,Home,141.85,8,614942ba-e0dc-4ab6-b42e-a6bfd770b496,1134.8
2023-02-21,P782,Home,113.12,5,cedf08e3-54ed-47fc-897e-57c225766a96,565.6
2023-02-22,P783,Books,57.84,2,14572caa-7b8d-4a63-a09f-f4edc806034b,115.68
2023-02-23,P784,Home,75.68,4,e04738e1-8659-4362-bd4f-482c8a870af1,302.72
2023-02-24,P785,Clothing,44.5,9,65b093e4-8047-4075-b1e1-448aeffc8069,400.5
2023-02-25,P786,Clothing,182.61,4,3a333e08-c733-43de-9dcd-1d5697f5f063,730.44
2023-02-26,P787,Books,120.84,4,ed720dbf-a937-4ab2-bc99-bcd0007ecc1a,483.36
2023-02-27,P788,Home,86.16,2,e7d52dcd-a1f7-4ac1-a1f1-8fe56a22c4c1,172.32
2023-02-28,P789,Home,97.78,6,4e5d7031-bae7-4275-9d0e-193586711564,586.6800000000001
2023-03-01,P790,Clothing,189.98,2,36555ab6-8b54-46dc-a830-fa60538fc383,379.96
2023-03-02,P791,Books,39.14,7,48797503-0b4c-40da-a9c3-df908b91918b,273.98
2023-03-03,P792,Clothing,121.38,3,5e49a935-e326-4c4a-bf26-e0321289eacc,364.14
2023-03-04,P793,Electronics,106.12,3,a35381d5-3e42-4e8d-9a67-694679f9a1ec,318.36
2023-03-05,P794,Books,126.18,5,e933d7dc-3e98-43ba-8f6b-4d7a22fca48e,630.9000000000001
2023-03-06,P795,Clothing,13.44,3,ce483c3b-f7d2-4f73-95e5-0333bf7b4841,40.32
2023-03-07,P796,Home,175.7,2,335e6c5d-9aaf-476a-bc03-b29842605f63,351.4
2023-03-08,P797,Clothing,187.1,9,2dbe04c0-067f-48bd-8fdd-ecaf23cb6b3e,1683.8999999999999
2023-03-09,P798,Clothing,117.38,2,fa2e9951-cd91-4607-b9cb-50814e0cd3f2,234.76
2023-03-10,P799,Electronics,142.36,2,fa0ad9cf-9eb2-4567-9fd9-fd2e851b4ff8,284.72
2023-03-11,P800,Electronics,185.27,8,21855b95-549b-4cab-b139-187e8744e61c,1482.16
2023-03-12,P801,Home,144.38,9,17274138-6444-43ac-9b36-071357beab15,1299.42
2023-03-13,P802,Books,38.98,7,510ffb40-659f-4290-9488-e47b1f1519c4,272.85999999999996
2023-03-14,P803,Electronics,119.49,3,5b782019-6320-4071-9c94-19aeda3ab36c,358.46999999999997
2023-03-15,P804,Books,125.28,9,b257b51f-d97c-47e1-b3dc-60a391d01ec9,1127.52
2023-03-16,P805,Books,90.58,3,5d10c16f-49bd-4df7-be74-c15ffc1089b4,271.74
2023-03-17,P806,Books,149.92,5,10656856-94af-4324-ad93-a3cca47569a1,749.5999999999999
2023-03-18,P807,Books,187.53,9,e3024578-86fc-4d35-944b-fec6db2235fc,1687.77
2023-03-19,P808,Clothing,185.86,3,f416f5c0-89dc-4a00-ae52-a25417dc35c4,557.58
2023-03-20,P809,Electronics,95.66,7,a79af79f-7a73-4534-a18e-3ac901cf7851,669.62
2023-03-21,P810,Clothing,31.52,1,f9f38d5f-e67e-4c1d-86a5-69236fe7d338,31.52
2023-03-22,P811,Home,197.12,4,06530f33-8149-4816-82da-914aed81f15b,788.48
2023-03-23,P812,Home,169.39,4,1fc08fc4-b2ca-431f-906a-9931ee04c62d,677.56
2023-03-24,P813,Home,33.69,7,c71a7064-e43a-48d3-bc12-9632cf698d45,235.82999999999998
2023-03-25,P814,Clothing,184.96,8,0853422f-438d-4c5a-9b44-20a546906bf9,1479.68
2023-03-26,P815,Home,175.28,1,aa3aaf38-6a1e-4e4f-aa2a-3371b27b2e84,175.28
2023-03-27,P816,Electronics,108.58,5,84ec3879-4db3-4ada-8002-45d46183da8a,542.9
2023-03-28,P817,Home,122.34,7,a222f0c5-0a9b-4923-8894-05940e3ce94f,856.38
2023-03-29,P818,Books,85.81,4,16ec2df1-cbec-4902-9b55-49fdae4f14ee,343.24
2023-03-30,P819,Home,20.4,4,63af21d2-4221-4477-92d7-7fe668304eb7,81.6
2023-03-31,P820,Electronics,73.69,4,79889723-7fb3-48ce-bcde-a398f98abeab,294.76
2023-04-01,P821,Electronics,162.54,6,70e8538f-0021-47a9-a810-f4bb34a9ecf2,975.24
2023-04-02,P822,Home,10.88,7,3fa98561-5640-4fc9-88e2-73bfdd40da6c,76.16000000000001
2023-04-03,P823,Books,73.36,2,ebee984c-dbf7-4321-b9a2-103b73723984,146.72
2023-04-04,P824,Clothing,85.65,5,8f087b70-81d7-4bdd-9ba9-89d4e58cc633,428.25
2023-04-05,P825,Electronics,112.11,4,0b8eaa23-2afe-4dbd-aa36-5d8c2f69871f,448.44
2023-04-06,P826,Clothing,184.77,3,bfea6797-5aef-48a2-9a24-8bfb26a7cd74,554.3100000000001
2023-04-07,P827,Books,75.81,7,794f6289-fd6b-4629-9746-06b8241d255d,530.6700000000001
2023-04-08,P828,Clothing,75.92,6,364ba76b-c807-463a-8a02-66f9a4a740df,455.52
2023-04-09,P829,Books,150.13,7,ea89fd0a-095b-453c-be1a-9da53b6375f8,1050.9099999999999
2023-04-10,P830,Electronics,95.92,5,e9faa37e-66f0-4cf2-8dd5-eb26d24796db,479.6
2023-04-11,P831,Home,52.67,6,4aa92707-5d9d-4e7d-8363-7df03fad1116,316.02
2023-04-12,P832,Electronics,95.96,5,ccfe9af2-f517-4025-a392-98e487523107,479.79999999999995
2023-04-13,P833,Electronics,36.76,7,1b7e10c7-4953-4ba3-875f-15a76fa3a2e6,257.32
2023-04-14,P834,Clothing,43.51,2,3f7e2452-f564-4255-809e-9e61c376a0d6,87.02
2023-04-15,P835,Clothing,104.69,5,dc940856-3e15-42c1-90ad-2fea3fc10b4f,523.45
2023-04-16,P836,Books,89.6,6,011cb18c-2f9f-4714-ac5c-3fefdf8dc76c,537.5999999999999
2023-04-17,P837,Clothing,183.82,6,222525a0-c7c0-4f64-a852-9e65de008f4d,1102.92
2023-04-18,P838,Home,78.85,5,64f42c92-3478-43f2-addf-b8c8dc04d345,394.25
2023-04-19,P839,Home,120.31,7,1dc90488-03ea-4387-9cc2-cfea8b8be9e5,842.1700000000001
2023-04-20,P840,Electronics,130.13,8,b18fdfd9-a8f6-4c9f-b700-e979ed84e10e,1041.04
2023-04-21,P841,Home,12.49,7,3df8a8d4-2192-4737-a39e-a967c22bae54,87.43
2023-04-22,P842,Books,136.07,5,05604f8f-38f7-4d95-93ef-d290009e30e0,680.3499999999999
2023-04-23,P843,Clothing,43.83,1,41f8c4e0-b217-40ac-8d98-f8b6cbb28ab6,43.83
2023-04-24,P844,Electronics,192.6,5,2002bdb1-f6e1-4f80-98cd-35da47897a0c,963.0
2023-04-25,P845,Clothing,38.25,2,8eb08bd3-2dac-41b4-b5d2-48c429deb074,76.5
2023-04-26,P846,Clothing,88.78,5,0897f4b0-e0ea-4036-b3a6-722edc347555,443.9
2023-04-27,P847,Electronics,26.22,5,7550a666-71c3-47f8-8538-429e299f2082,131.1
2023-04-28,P848,Books,199.41,2,4cc6af95-a44e-422b-9300-aea241f5bf7b,398.82
2023-04-29,P849,Electronics,105.42,5,0812166a-aa3f-470e-a23a-b3799284e718,527.1
2023-04-30,P850,Electronics,123.12,4,bfa8e631-3a72-4d90-97e6-a8afc631e40e,492.48
2023-05-01,P851,Books,22.74,1,0b2794c5-90de-43a0-940d-4a1b47f7576a,22.74
2023-05-02,P852,Electronics,152.49,3,96460a9c-53bc-4edf-8675-d8f42acf29e2,457.47
2023-05-03,P853,Electronics,49.88,1,f6088ec6-0c48-4a1a-86ff-0b92af714cf8,49.88
2023-05-04,P854,Books,180.63,5,1c637288-c159-4253-a4d5-25ad7d33d64d,903.15
2023-05-05,P855,Books,48.98,4,74f0580f-8c34-4a81-8904-8d86c7f8cf5b,195.92
2023-05-06,P856,Home,46.23,7,be7cfb32-0c7e-4afc-bf86-4efc456c9ff4,323.60999999999996
2023-05-07,P857,Home,16.94,5,a5cdb130-732a-414e-a867-25871624c9d2,84.7
2023-05-08,P858,Clothing,99.69,4,9bfef94a-77c7-4f61-9e6a-b724f814d46b,398.76
2023-05-09,P859,Electronics,117.32,2,4218d21e-5c06-4069-9896-8d1c5c01e61f,234.64
2023-05-10,P860,Electronics,22.48,4,b5c85eed-d837-402c-bbf3-0e557c8a5f99,89.92
2023-05-11,P861,Books,157.35,2,3ba37002-0cd6-4bca-afdd-cba3943125c8,314.7
2023-05-12,P862,Clothing,96.12,8,98ea7699-b4f5-4cba-98c0-6ca401c44d1c,768.96
2023-05-13,P863,Home,109.63,3,df0947b6-e4f5-4519-a1df-8709bad23bd3,328.89
2023-05-14,P864,Home,93.74,9,f578f8ae-74de-495d-b836-36aa9168a10c,843.66
2023-05-15,P865,Electronics,86.14,4,47371498-1045-4ada-b3b8-974043088646,344.56
2023-05-16,P866,Home,116.33,6,3b521ebe-ca7c-4e45-81ca-0805d1ae0fe1,697.98
2023-05-17,P867,Books,39.5,5,421a892b-96aa-4cb3-9303-2a647b1fb53b,197.5
2023-05-18,P868,Electronics,44.57,1,38492228-19fb-408a-b3c1-fc23d6d21c64,44.57
2023-05-19,P869,Home,173.74,9,9a0bab0c-7db7-4252-bf9d-268db4ca8f8d,1563.66
2023-05-20,P870,Electronics,189.76,1,55070fe7-c0ea-4919-8635-90ffc31e2125,189.76
2023-05-21,P871,Clothing,80.93,8,7426aacf-565f-4af9-a399-6a654d7dc08f,647.44
2023-05-22,P872,Home,61.44,9,750ff923-5417-4e99-a020-5e73da59449b,552.96
2023-05-23,P873,Clothing,132.36,9,1674474a-8454-4ba2-9f7c-5c49a6eb5c5e,1191.2400000000002
2023-05-24,P874,Home,87.66,1,10b97a4f-38fa-4b78-8be7-b78cf8c840bb,87.66
2023-05-25,P875,Home,14.82,2,c91d5686-e301-4d3a-9ceb-d64b6b9890af,29.64
2023-05-26,P876,Books,39.67,1,124c32b6-270f-47ca-9b63-eac3702c09ac,39.67
2023-05-27,P877,Clothing,146.03,2,a34de11c-91cf-4b38-a92a-795f977b1830,292.06
2023-05-28,P878,Books,135.2,8,e57fc79e-e0ff-4927-a5a6-002f223afe81,1081.6
2023-05-29,P879,Electronics,15.15,5,d2b61233-2b90-4292-a8bc-629335562414,75.75
2023-05-30,P880,Home,52.17,7,b51bee1a-db10-43ff-a04c-b784edca979c,365.19
2023-05-31,P881,Books,53.9,2,e0a7d4fa-99af-4f94-9f5b-78bad4f26758,107.8
2023-06-01,P882,Home,137.66,8,10b20e59-a5f3-40ee-b2c6-ea69486138aa,1101.28
2023-06-02,P883,Home,13.75,6,74709ca1-20bf-4cbb-af33-71bb897404c6,82.5
2023-06-03,P884,Clothing,29.78,8,5dd18e16-d730-4316-b10d-bf86c1fbd168,238.24
2023-06-04,P885,Books,161.98,1,a71f55ec-893c-4b0c-8f6b-221e7e6f66c3,161.98
2023-06-05,P886,Home,43.92,1,c5b61753-4328-4f0a-9dc9-6fd267c9894e,43.92
2023-06-06,P887,Home,134.02,7,f01b5162-d3df-4d06-8309-5ada60c00e18,938.1400000000001
2023-06-07,P888,Electronics,55.25,8,467ffeab-237a-4349-950d-be4cce07ffe5,442.0
2023-06-08,P889,Clothing,28.89,3,d82ce0ab-b204-4736-9cab-1c3341d8ad00,86.67
2023-06-09,P890,Home,56.2,5,7e31f9a7-14aa-4672-8584-fabeaaf11ee2,281.0
2023-06-10,P891,Clothing,147.23,1,058d9ae0-7aeb-4c27-9a60-e3f6bd7359f6,147.23
2023-06-11,P892,Clothing,172.58,7,d894bb38-cc59-47b6-bade-8d23b802ad78,1208.0600000000002
2023-06-12,P893,Clothing,167.74,5,a2d75f87-6de8-4f46-b08d-04d105513c83,838.7
2023-06-13,P894,Home,85.46,8,bc57b0be-50a2-458c-a284-b845a6225181,683.68
2023-06-14,P895,Home,136.94,8,46ce1e6f-6523-42c5-9ebc-1c32885876bf,1095.52
2023-06-15,P896,Electronics,48.95,9,d71cc552-6ba0-4cc8-9763-2125bfba071f,440.55
2023-06-16,P897,Electronics,65.7,7,cd044745-25d9-4ae8-a40b-4e81ec34ba27,459.90000000000003
2023-06-17,P898,Home,180.3,1,41a5bab8-d688-42bd-bdee-c040b856979b,180.3
2023-06-18,P899,Home,12.47,3,f4a8d520-036e-4eb9-a412-0ef43c4d13e8,37.410000000000004
2023-06-19,P900,Clothing,26.25,8,9362e861-e9fb-4cc1-9bbf-b40195e8cd24,210.0
2023-06-20,P901,Home,49.5,3,d893c219-d325-4094-bfc4-8c6804d34f71,148.5
2023-06-21,P902,Clothing,15.04,8,05f49a1b-1ed4-4920-a745-022a7227b3c5,120.32
2023-06-22,P903,Clothing,44.47,1,b4d37ed9-ce92-4bcb-98ce-d2d8b13b40ec,44.47
2023-06-23,P904,Home,120.78,5,f6f5e2a2-3792-49fe-a385-af08b244f72d,603.9
2023-06-24,P905,Books,90.07,4,cff58add-0eab-46ff-ae4a-1fd087bad3d0,360.28
2023-06-25,P906,Home,179.61,5,db186713-8f14-49f7-b580-5b878c40e6bf,898.0500000000001
2023-06-26,P907,Electronics,165.31,8,ecdf8f94-55aa-4f4e-9cfa-e9f7804ec4e2,1322.48
2023-06-27,P908,Electronics,74.95,4,6b40db23-c1f1-4f6b-8344-a6a1aaba401d,299.8
2023-06-28,P909,Home,59.29,4,85d06985-65e1-4c36-9776-196e2ef23d21,237.16
2023-06-29,P910,Electronics,82.14,3,321ae4d1-28f9-4de9-9bd4-26cb5e59bb88,246.42000000000002
2023-06-30,P911,Home,122.16,7,5e12d1ee-29a8-4d53-b038-f37234641bdb,855.12
2023-07-01,P912,Home,60.93,3,1f77b99c-a72e-40cd-b661-826c0459153f,182.79
2023-07-02,P913,Books,128.59,3,d11df2a4-f206-46a5-9ea6-77a42e2917ac,385.77
2023-07-03,P914,Clothing,87.79,5,797a1e2a-88d5-48ac-b3e0-ae6aa199a63c,438.95000000000005
2023-07-04,P915,Clothing,114.89,5,bbeacde1-9616-4e44-88bb-6394930cce56,574.45
2023-07-05,P916,Home,92.86,6,b9a91fba-cbfa-4c9e-963b-d17f0e7ce8b6,557.16
2023-07-06,P917,Electronics,65.95,8,36de762c-55b9-4d6b-bcee-4f36c01a52c7,527.6
2023-07-07,P918,Home,190.21,6,714823f3-0a48-4863-b6e7-2bdcc2be1857,1141.26
2023-07-08,P919,Books,155.09,1,566169ac-e3c3-408f-9008-46084aa95823,155.09
2023-07-09,P920,Books,36.62,8,f4baceb2-dd3c-4e16-9c21-e9acd0f5ccbf,292.96
2023-07-10,P921,Home,175.01,8,07863675-717c-4756-8a88-d5db225fb690,1400.08
2023-07-11,P922,Electronics,102.61,9,d861c2c5-7089-45b9-8371-44e650138651,923.49
2023-07-12,P923,Books,179.96,9,49d72b0b-ff7a-42d5-b530-5bb5cc9dd6f3,1619.64
2023-07-13,P924,Clothing,161.97,2,0aeab401-063e-4646-bdb3-60844f02ca8b,323.94
2023-07-14,P925,Books,90.79,2,120306de-ca34-4442-bcda-4ae1944387cb,181.58
2023-07-15,P926,Books,14.27,3,51f1e0b7-178f-405e-9b33-6caadd1afb65,42.81
2023-07-16,P927,Home,61.05,1,7f16b21e-1789-48b4-b15f-adefa8540693,61.05
2023-07-17,P928,Electronics,112.91,4,01b67183-da66-42a7-895e-016377465071,451.64
2023-07-18,P929,Electronics,130.36,4,7af8ab94-efd5-47d6-a2f2-af86d4f66b59,521.44
2023-07-19,P930,Electronics,59.0,9,baa8cbe0-1be9-4db9-bec5-96376574c63b,531.0
2023-07-20,P931,Electronics,36.48,9,f384c063-a2b6-4199-8492-487bb64a02f8,328.32
2023-07-21,P932,Clothing,168.64,9,0ccf2a50-9688-4a45-a8c9-ba5b4a92b238,1517.7599999999998
2023-07-22,P933,Books,197.04,7,de147cae-4aa3-4641-8fc3-1c3535540452,1379.28
2023-07-23,P934,Books,109.88,2,3f49bfe6-6daa-4b23-82b9-916af51db444,219.76
2023-07-24,P935,Home,42.62,5,e45583df-78f8-41f8-a896-899a7ecda6ae,213.1
2023-07-25,P936,Clothing,61.74,4,818549e3-a421-42df-8a36-39af8241bcee,246.96
2023-07-26,P937,Clothing,13.49,8,c826d401-2102-4b21-84d9-8844cccc947e,107.92
2023-07-27,P938,Home,183.72,2,8aa2403f-7547-4928-880f-6616b9c6d3da,367.44
2023-07-28,P939,Clothing,32.37,6,702e6ff1-737e-4fb5-b792-ab7f4143306d,194.21999999999997
2023-07-29,P940,Clothing,119.54,5,66c515a5-8def-4ebe-b79e-bd09935190dc,597.7
2023-07-30,P941,Electronics,62.07,2,85d0d763-7f1b-43e0-ae3d-f12ee80cdc76,124.14
2023-07-31,P942,Home,115.29,1,5fca1545-de28-47aa-b079-80d4a509499d,115.29
2023-08-01,P943,Books,133.77,8,cf737a90-4d78-4398-8976-4822af471a43,1070.16
2023-08-02,P944,Electronics,167.65,2,ce0b599a-6f6a-45eb-9781-104fe46a19c7,335.3
2023-08-03,P945,Books,49.22,7,d3a73a2f-1830-416b-8105-59f9cbda660b,344.53999999999996
2023-08-04,P946,Home,12.09,9,30df4d57-a646-4c60-b78e-a410b7824fcf,108.81
2023-08-05,P947,Electronics,36.01,9,dedb7ae2-3708-4d27-8b14-30d983e571d6,324.09
2023-08-06,P948,Clothing,181.0,8,d137d935-a5e2-4468-94b8-dd32b0ba0f34,1448.0
2023-08-07,P949,Electronics,176.04,9,f486afe7-4e10-4f10-b4d5-ec5b2e1a723d,1584.36
2023-08-08,P950,Books,123.51,2,3ef554f2-b9c8-4b88-9224-6ef2dc0d55e8,247.02
2023-08-09,P951,Electronics,124.1,6,91160bd1-fb59-4ee9-850d-c52dcaa9f4a2,744.5999999999999
2023-08-10,P952,Electronics,136.36,4,59fefe68-0181-4f79-9dd4-5458de2baedb,545.44
2023-08-11,P953,Clothing,43.32,4,aa8122bb-8ab7-4966-9855-6c2413b38bbd,173.28
2023-08-12,P954,Books,183.74,5,303c2f5e-fe58-49b6-9bfe-3a596918fe7c,918.7
2023-08-13,P955,Electronics,89.57,3,7969e54e-f596-401b-9201-2a3af893d53a,268.71
2023-08-14,P956,Books,82.8,1,2fe1805b-b1d0-45cd-a11f-86eaf88abfca,82.8
2023-08-15,P957,Electronics,108.59,8,094be357-514d-46d2-84c6-97907c4605d9,868.72
2023-08-16,P958,Home,18.92,5,1d7d472b-cef6-40c1-a19a-514910336e30,94.60000000000001
2023-08-17,P959,Home,41.59,3,73f46041-16b6-4121-9fcd-3c33c0f2c10b,124.77000000000001
2023-08-18,P960,Clothing,150.23,7,a8cf539e-70bd-46ce-8051-a524e33fd70e,1051.61
2023-08-19,P961,Electronics,25.73,7,45ad6e0b-f782-4463-a27a-8f483c621259,180.11
2023-08-20,P962,Books,124.6,1,015c8962-3c13-448a-a4aa-7bf10819d210,124.6
2023-08-21,P963,Home,56.62,9,56fcc597-0437-4204-b38f-6d5d98b52569,509.58
2023-08-22,P964,Clothing,83.97,2,2487d703-60d0-4cfc-bfa4-717fbade29d7,167.94
2023-08-23,P965,Home,64.85,5,459bd3db-a023-4a87-a8ed-5db17fec5d17,324.25
2023-08-24,P966,Books,77.58,5,78f77bfe-41d9-49d6-a336-37c25d4eaf25,387.9
2023-08-25,P967,Books,146.62,8,ae6d2a8f-76d0-4b70-a746-fb243b2c2b0b,1172.96
2023-08-26,P968,Electronics,66.45,8,edaaf5cc-44d5-4e45-885e-ebb8b4603178,531.6
2023-08-27,P969,Books,117.62,7,59660211-a68d-4afa-a49e-b58f5b106562,823.34
2023-08-28,P970,Electronics,100.45,7,17f7db63-10f0-4e02-b279-19ef1296a7db,703.15
2023-08-29,P971,Clothing,136.1,6,d692d38d-e425-436f-91f5-49c90a840d47,816.5999999999999
2023-08-30,P972,Clothing,188.0,6,cb689c93-85d6-4e4f-9528-b7d0dc88f43b,1128.0
2023-08-31,P973,Books,149.19,9,1c35527b-3613-4132-9db3-f0c74555a23c,1342.71
2023-09-01,P974,Books,50.84,6,71d21211-eaea-4584-9149-3debf856b98c,305.04
2023-09-02,P975,Clothing,15.92,2,adec31d6-2909-453f-a205-4dcfe5dd1332,31.84
2023-09-03,P976,Electronics,59.83,2,153aac69-459f-49b3-aec2-68de29a43ff4,119.66
2023-09-04,P977,Electronics,123.06,5,24c88cab-fbf9-47f8-bd14-f58c92e975c8,615.3
2023-09-05,P978,Electronics,19.77,4,60b9199e-7487-4a79-a2ed-97976c9f5814,79.08
2023-09-06,P979,Clothing,104.31,2,f2f22789-dccc-4a3c-a7d7-5780927e7b4c,208.62
2023-09-07,P980,Clothing,123.4,3,97bd2b86-8f3d-4a68-a894-67b3e41c10a8,370.20000000000005
2023-09-08,P981,Clothing,73.51,7,c98d6796-1db7-45b6-9036-bd8c0fb7ea8c,514.57
2023-09-09,P982,Books,156.47,8,f4c5a6f6-3bea-449b-905a-e4dcab31b06b,1251.76
2023-09-10,P983,Clothing,30.25,6,9ae0c345-c427-4a66-a87b-329362001b12,181.5
2023-09-11,P984,Home,24.28,5,4365a8e9-62bd-4c48-93d1-5a369b4d6c5e,121.4
2023-09-12,P985,Clothing,148.36,1,17a24f60-ab6d-45a8-97b4-47af6e348c21,148.36
2023-09-13,P986,Books,104.14,8,1d1a9f57-bfa7-4643-8d63-511518e194a2,833.12
2023-09-14,P987,Clothing,140.8,3,4798f76c-60d5-4ee9-b4e6-6b3ef5e65a6b,422.40000000000003
2023-09-15,P988,Electronics,92.62,6,2d37e39f-f278-45ba-9a18-5c4b31f31523,555.72
2023-09-16,P989,Electronics,56.82,3,461f7045-696b-497c-8bde-142b8c7df007,170.46
2023-09-17,P990,Books,165.63,7,d507e694-6a00-452d-9d02-b52fdbf89ad1,1159.4099999999999
2023-09-18,P991,Books,161.89,7,195246ce-b75d-4e9a-b604-8723825ab1bb,1133.23
2023-09-19,P992,Electronics,141.99,9,05d50564-9493-47cb-955e-fd61948498e2,1277.91
2023-09-20,P993,Clothing,61.71,5,b7ffe990-fb85-49b7-be69-b34e44a34c72,308.55
2023-09-21,P994,Books,122.14,8,0be87b12-2caa-4b7c-8f92-43ba8464e93d,977.12
2023-09-22,P995,Books,78.59,8,aeea5f70-ef3a-4424-931f-1c40c837ebbc,628.72
2023-09-23,P996,Books,27.4,1,a89364c3-3ab2-4d42-b6cd-8d080b06c246,27.4
2023-09-24,P997,Clothing,184.29,5,f9aad1bc-9169-431b-b8d0-3898c5567c32,921.4499999999999
2023-09-25,P998,Clothing,36.0,3,3ea9f291-dc17-43b9-8bf0-6f0e8b2a139e,108.0
2023-09-26,P999,Home,190.55,1,e8e8c7df-287b-4766-8899-fc52ddb3824e,190.55
2023-09-27,P1000,Clothing,94.74,4,d6e8bdef-a1fe-47ab-9793-b577d1af6ae9,378.96
